[
  {
    "Nombre_Razon_Social": "Centro Odontológico Murciano",
    "TipoCliente": "Clínicas",
    "DNI_CIF": "",
    "Id_Cial": 1,
    "Id_TipoCliente": 4,
    "Pais": "España",
    "CodPais": "ES",
    "Idioma": "ES",
    "Direccion": "Avenida De La Constitución, 2, Entresuelo A",
    "CodigoPostal": "30008",
    "Id_Provincia": 30,
    "Poblacion": "Murcia",
    "Movil": "968900215"
  },
  {
    "Nombre_Razon_Social": "Clinica Cabel",
    "TipoCliente": "Clínicas",
    "DNI_CIF": "",
    "Id_Cial": 1,
    "Id_TipoCliente": 4,
    "Pais": "España",
    "CodPais": "ES",
    "Idioma": "ES",
    "Direccion": "Calle José Antonio Ponzoa, 6, Entresuelo B",
    "CodigoPostal": "30001",
    "Id_Provincia": 30,
    "Poblacion": "Murcia",
    "Movil": "968222049"
  },
  {
    "Nombre_Razon_Social": "Dental Santos",
    "TipoCliente": "Clínicas",
    "DNI_CIF": "",
    "Id_Cial": 1,
    "Id_TipoCliente": 4,
    "Pais": "España",
    "CodPais": "ES",
    "Idioma": "ES",
    "Direccion": "Plaza De Santa Isabel, Nº12, 1º",
    "CodigoPostal": "30004",
    "Id_Provincia": 30,
    "Poblacion": "Murcia",
    "Movil": "968215023",
    "Email": "info@santos-dental.es",
    "Web": "https://www.santos-dental.es"
  },
  {
    "Nombre_Razon_Social": "Clinica Mas Bermejo",
    "TipoCliente": "Clínicas",
    "DNI_CIF": "",
    "Id_Cial": 1,
    "Id_TipoCliente": 4,
    "Pais": "España",
    "CodPais": "ES",
    "Idioma": "ES",
    "Direccion": "Plaza De La Fuensanta, 2, Piso 5, Puerta C",
    "CodigoPostal": "30008",
    "Id_Provincia": 30,
    "Poblacion": "Murcia",
    "Movil": "968249011"
  },
  {
    "Nombre_Razon_Social": "Clinica del Pilar",
    "TipoCliente": "Clínicas",
    "DNI_CIF": "",
    "Id_Cial": 1,
    "Id_TipoCliente": 4,
    "Pais": "España",
    "CodPais": "ES",
    "Idioma": "ES",
    "Direccion": "Calle De La Gloria, 6",
    "CodigoPostal": "30003",
    "Id_Provincia": 30,
    "Poblacion": "Murcia",
    "Movil": "968240000"
  },
  {
    "Nombre_Razon_Social": "Clinica las Floires",
    "TipoCliente": "Clínicas",
    "DNI_CIF": "",
    "Id_Cial": 1,
    "Id_TipoCliente": 4,
    "Pais": "España",
    "CodPais": "ES",
    "Idioma": "ES",
    "Direccion": "Plaza De Las Flores, 11, Entresuelo",
    "CodigoPostal": "30004",
    "Id_Provincia": 30,
    "Poblacion": "Murcia",
    "Movil": "968218905",
    "Web": "https://www.clinicadentalplazadelasflores.es"
  },
  {
    "Nombre_Razon_Social": "Dental Astrid Alarcon",
    "TipoCliente": "Clínicas",
    "DNI_CIF": "",
    "Id_Cial": 1,
    "Id_TipoCliente": 4,
    "Pais": "España",
    "CodPais": "ES",
    "Idioma": "ES",
    "Direccion": "Calle José Luis Morga, 2",
    "CodigoPostal": "30010",
    "Id_Provincia": 30,
    "Poblacion": "Murcia",
    "Movil": "654950259"
  },
  {
    "Nombre_Razon_Social": "Instituto Bocca",
    "TipoCliente": "Clínicas",
    "DNI_CIF": "",
    "Id_Cial": 1,
    "Id_TipoCliente": 4,
    "Pais": "España",
    "CodPais": "ES",
    "Idioma": "ES",
    "Direccion": "Calle Azorín, 1, Bajo",
    "CodigoPostal": "30009",
    "Id_Provincia": 30,
    "Poblacion": "Murcia",
    "Movil": "868942349",
    "Email": "info@institutobocca.es",
    "Web": "https://institutobocca.com"
  },
  {
    "Nombre_Razon_Social": "Dental Estrada Fernandez",
    "TipoCliente": "Clínicas",
    "DNI_CIF": "",
    "Id_Cial": 1,
    "Id_TipoCliente": 4,
    "Pais": "España",
    "CodPais": "ES",
    "Idioma": "ES",
    "Direccion": "Prolongación Ángel Bruna, 1, Bajo",
    "CodigoPostal": "30300",
    "Id_Provincia": 30,
    "Poblacion": "Cartagena",
    "Movil": "691211201",
    "Email": "jose_luis_estrada_dentista@hotmail.com",
    "Web": "https://clinicadentalestrada.webnode.es"
  },
  {
    "Nombre_Razon_Social": "Estudio Dental Avanzado",
    "TipoCliente": "Clínicas",
    "DNI_CIF": "",
    "Id_Cial": 1,
    "Id_TipoCliente": 4,
    "Pais": "España",
    "CodPais": "ES",
    "Idioma": "ES",
    "Direccion": "Avenida De La Libertad, Edificio Alba, Nº8, 1ºf",
    "CodigoPostal": "30009",
    "Id_Provincia": 30,
    "Poblacion": "Murcia",
    "Movil": "968235872",
    "Web": "https://estudiodentalavanzado.es"
  },
  {
    "Nombre_Razon_Social": "Dental Sesseman",
    "TipoCliente": "Clínicas",
    "DNI_CIF": "",
    "Id_Cial": 1,
    "Id_TipoCliente": 4,
    "Pais": "España",
    "CodPais": "ES",
    "Idioma": "ES",
    "Direccion": "Av. De La Libertad Nº 4, Entlo. 1º C, Edificio Simago",
    "CodigoPostal": "30009",
    "Id_Provincia": 30,
    "Poblacion": "Murcia",
    "Movil": "968121718",
    "Web": "https://sesemanndental.es"
  },
  {
    "Nombre_Razon_Social": "Bucalia",
    "TipoCliente": "Clínicas",
    "DNI_CIF": "",
    "Id_Cial": 1,
    "Id_TipoCliente": 4,
    "Pais": "España",
    "CodPais": "ES",
    "Idioma": "ES",
    "Direccion": "Avenida De La Libertad, 8, Entresuelo D",
    "CodigoPostal": "30009",
    "Id_Provincia": 30,
    "Poblacion": "Murcia",
    "Movil": "968272140",
    "Web": "https://bucalia.com"
  },
  {
    "Nombre_Razon_Social": "Cora del Val",
    "TipoCliente": "Clínicas",
    "DNI_CIF": "",
    "Id_Cial": 1,
    "Id_TipoCliente": 4,
    "Pais": "España",
    "CodPais": "ES",
    "Idioma": "ES",
    "Direccion": "Avenida General Primo De Rivera, 1, Entresuelo 5",
    "CodigoPostal": "30008",
    "Id_Provincia": 30,
    "Poblacion": "Murcia",
    "Movil": "968015430",
    "Web": "http://www.clinicacoradelval.com"
  },
  {
    "Nombre_Razon_Social": "Dental Serrano",
    "TipoCliente": "Clínicas",
    "DNI_CIF": "",
    "Id_Cial": 1,
    "Id_TipoCliente": 4,
    "Pais": "España",
    "CodPais": "ES",
    "Idioma": "ES",
    "Direccion": "Plaza Circular, 13, Entresuelo B",
    "CodigoPostal": "30008",
    "Id_Provincia": 30,
    "Poblacion": "Murcia",
    "Movil": "637616131"
  },
  {
    "Nombre_Razon_Social": "Addsana Dental",
    "TipoCliente": "Clínicas",
    "DNI_CIF": "",
    "Id_Cial": 1,
    "Id_TipoCliente": 4,
    "Pais": "España",
    "CodPais": "ES",
    "Idioma": "ES",
    "Direccion": "Avenida De La Libertad, 8-10, Entresuelo 1º, Edificio Alba",
    "CodigoPostal": "30009",
    "Id_Provincia": 30,
    "Poblacion": "Murcia",
    "Movil": "968298170"
  },
  {
    "Nombre_Razon_Social": "Dental Hernandez",
    "TipoCliente": "Clínicas",
    "DNI_CIF": "",
    "Id_Cial": 1,
    "Id_TipoCliente": 4,
    "Pais": "España",
    "CodPais": "ES",
    "Idioma": "ES",
    "Direccion": "Calle Futbolista Armando Ortiz, Bajo A",
    "CodigoPostal": "30007",
    "Id_Provincia": 30,
    "Poblacion": "Murcia",
    "Movil": "657392502"
  },
  {
    "Nombre_Razon_Social": "Dr.ferrer Juan de Borbon",
    "TipoCliente": "Clínicas",
    "DNI_CIF": "",
    "Id_Cial": 1,
    "Id_TipoCliente": 4,
    "Pais": "España",
    "CodPais": "ES",
    "Idioma": "ES",
    "Direccion": "Calle De La Cruz, 2, Entresuelo",
    "CodigoPostal": "30820",
    "Id_Provincia": 30,
    "Poblacion": "Alcantarilla",
    "Movil": "968808536",
    "Email": "info@clinicaferrer.com",
    "Web": "https://www.clinicaferrer.com"
  },
  {
    "Nombre_Razon_Social": "Dental Pedro Reyes",
    "TipoCliente": "Clínicas",
    "DNI_CIF": "",
    "Id_Cial": 1,
    "Id_TipoCliente": 4,
    "Pais": "España",
    "CodPais": "ES",
    "Idioma": "ES",
    "Direccion": "Calle Mayor, 5",
    "CodigoPostal": "30001",
    "Id_Provincia": 30,
    "Poblacion": "Murcia",
    "Movil": "968123456"
  },
  {
    "Nombre_Razon_Social": "Dental Navarro Soto",
    "TipoCliente": "Clínicas",
    "DNI_CIF": "",
    "Id_Cial": 1,
    "Id_TipoCliente": 4,
    "Pais": "España",
    "CodPais": "ES",
    "Idioma": "ES",
    "Direccion": "Avenida Juan Carlos I, 33",
    "CodigoPostal": "30009",
    "Id_Provincia": 30,
    "Poblacion": "Murcia",
    "Movil": "968201926",
    "Email": "info@dentalinfantil.es",
    "Web": "https://www.dentalinfantil.es"
  },
  {
    "Nombre_Razon_Social": "Clinica Lucas y Alcaina",
    "TipoCliente": "Clínicas",
    "DNI_CIF": "",
    "Id_Cial": 1,
    "Id_TipoCliente": 4,
    "Pais": "España",
    "CodPais": "ES",
    "Idioma": "ES",
    "Direccion": "Calle Dr. José Ruipérez, 2",
    "CodigoPostal": "30007",
    "Id_Provincia": 30,
    "Poblacion": "Murcia",
    "Movil": "968218953"
  },
  {
    "Nombre_Razon_Social": "Clinica Valle",
    "TipoCliente": "Clínicas",
    "DNI_CIF": "",
    "Id_Cial": 1,
    "Id_TipoCliente": 4,
    "Pais": "España",
    "CodPais": "ES",
    "Idioma": "ES",
    "Direccion": "Plaza Ildefonso Nicolás Noguera 5, Bajo",
    "CodigoPostal": "30007",
    "Id_Provincia": 30,
    "Poblacion": "Murcia",
    "Movil": "968529526",
    "Email": "info@clinicavalle.es",
    "Web": "https://www.clinicavalle.es"
  },
  {
    "Nombre_Razon_Social": "Clinica San Anton",
    "TipoCliente": "Clínicas",
    "DNI_CIF": "",
    "Id_Cial": 1,
    "Id_TipoCliente": 4,
    "Pais": "España",
    "CodPais": "ES",
    "Idioma": "ES",
    "Direccion": "Calle San Antón, 2",
    "CodigoPostal": "30009",
    "Id_Provincia": 30,
    "Poblacion": "Murcia",
    "Movil": "968234567",
    "Web": "http://www.clinicasananton.com"
  },
  {
    "Nombre_Razon_Social": "Dental Pedro Reyes",
    "TipoCliente": "Clínicas",
    "DNI_CIF": "",
    "Id_Cial": 1,
    "Id_TipoCliente": 4,
    "Pais": "España",
    "CodPais": "ES",
    "Idioma": "ES",
    "Direccion": "Calle Mayor, 5",
    "CodigoPostal": "30001",
    "Id_Provincia": 30,
    "Poblacion": "Murcia",
    "Movil": "968123456"
  },
  {
    "Nombre_Razon_Social": "Clinica Dental Avilés",
    "TipoCliente": "Clínicas",
    "DNI_CIF": "",
    "Id_Cial": 1,
    "Id_TipoCliente": 4,
    "Pais": "España",
    "CodPais": "ES",
    "Idioma": "ES",
    "Direccion": "Calle Periodista Antonio Herrero, 19",
    "CodigoPostal": "30007",
    "Id_Provincia": 30,
    "Poblacion": "Murcia",
    "Movil": "868965479",
    "Email": "info@murciaclinicadental.com",
    "Web": "https://murciaclinicadental.com"
  },
  {
    "Nombre_Razon_Social": "Clinica Dres Dental Murcia",
    "TipoCliente": "Clínicas",
    "DNI_CIF": "",
    "Id_Cial": 1,
    "Id_TipoCliente": 4,
    "Pais": "España",
    "CodPais": "ES",
    "Idioma": "ES",
    "Direccion": "Calle Jabonerías, 20",
    "CodigoPostal": "30201",
    "Id_Provincia": 30,
    "Poblacion": "Cartagena",
    "Movil": "633522370"
  },
  {
    "Nombre_Razon_Social": "Clinica Ortuño y Ortega",
    "TipoCliente": "Clínicas",
    "DNI_CIF": "",
    "Id_Cial": 1,
    "Id_TipoCliente": 4,
    "Pais": "España",
    "CodPais": "ES",
    "Idioma": "ES",
    "Direccion": "Calle De La Gloria, 2",
    "CodigoPostal": "30003",
    "Id_Provincia": 30,
    "Poblacion": "Murcia",
    "Movil": "968210345",
    "Web": "http://www.clinicaortunoortega.com"
  },
  {
    "Nombre_Razon_Social": "Clinica Dental el Charco",
    "TipoCliente": "Clínicas",
    "DNI_CIF": "",
    "Id_Cial": 1,
    "Id_TipoCliente": 4,
    "Pais": "España",
    "CodPais": "ES",
    "Idioma": "ES",
    "Direccion": "Avenida De Santa Catalina, 275",
    "CodigoPostal": "30151",
    "Id_Provincia": 30,
    "Poblacion": "Santo Ángel",
    "Movil": "601981148"
  },
  {
    "Nombre_Razon_Social": "Clinica Corporacion Dental",
    "TipoCliente": "Clínicas",
    "DNI_CIF": "",
    "Id_Cial": 1,
    "Id_TipoCliente": 4,
    "Pais": "España",
    "CodPais": "ES",
    "Idioma": "ES",
    "Direccion": "Calle Historiador Juan Torres Fontes, 17, 1ºa",
    "CodigoPostal": "30011",
    "Id_Provincia": 30,
    "Poblacion": "Murcia",
    "Movil": "968345132",
    "Web": "https://corporaciondental.es"
  },
  {
    "Nombre_Razon_Social": "Dental Company Fuente Alamo",
    "TipoCliente": "Clínicas",
    "DNI_CIF": "",
    "Id_Cial": 1,
    "Id_TipoCliente": 4,
    "Pais": "España",
    "CodPais": "ES",
    "Idioma": "ES",
    "Direccion": "Gran Vía Mártires Del Castillo De Olite, 8",
    "CodigoPostal": "30320",
    "Id_Provincia": 30,
    "Poblacion": "Fuente Álamo",
    "Movil": "968021000",
    "Email": "fuentealamo@dentalcompany.es",
    "Web": "https://dentalcompany.es/clinica-dental-fuente-alamo"
  },
  {
    "Nombre_Razon_Social": "Clinica Dental Espinardo",
    "TipoCliente": "Clínicas",
    "DNI_CIF": "",
    "Id_Cial": 1,
    "Id_TipoCliente": 4,
    "Pais": "España",
    "CodPais": "ES",
    "Idioma": "ES",
    "Direccion": "Calle Antonio Flores Guillamón, 2, 1ºb",
    "CodigoPostal": "30100",
    "Id_Provincia": 30,
    "Poblacion": "Espinardo",
    "Movil": "968305686",
    "Web": "http://clinicadentalespinardo.es"
  },
  {
    "Nombre_Razon_Social": "Estradent Espinardo",
    "TipoCliente": "Clínicas",
    "DNI_CIF": "",
    "Id_Cial": 1,
    "Id_TipoCliente": 4,
    "Pais": "España",
    "CodPais": "ES",
    "Idioma": "ES",
    "Direccion": "Calle Mayor, 145",
    "CodigoPostal": "30100",
    "Id_Provincia": 30,
    "Poblacion": "Espinardo",
    "Movil": "968272579",
    "Web": "https://estradent.com"
  },
  {
    "Nombre_Razon_Social": "Estradent Llanode Brujas",
    "TipoCliente": "Clínicas",
    "DNI_CIF": "",
    "Id_Cial": 1,
    "Id_TipoCliente": 4,
    "Pais": "España",
    "CodPais": "ES",
    "Idioma": "ES",
    "Direccion": "Avenida Silva Muñoz, 9",
    "CodigoPostal": "30161",
    "Id_Provincia": 30,
    "Poblacion": "Llano De Brujas",
    "Movil": "968810108",
    "Web": "https://www.estradent.com"
  },
  {
    "Nombre_Razon_Social": "Odontologika Dental",
    "TipoCliente": "Clínicas",
    "DNI_CIF": "",
    "Id_Cial": 1,
    "Id_TipoCliente": 4,
    "Pais": "España",
    "CodPais": "ES",
    "Idioma": "ES",
    "Direccion": "C. Hernández Mora, 1",
    "CodigoPostal": "30570",
    "Id_Provincia": 30,
    "Poblacion": "Murcia",
    "Movil": "968879228",
    "Email": "clinicaodontologik@gmail.com"
  },
  {
    "Nombre_Razon_Social": "Dental Raul Navarro",
    "TipoCliente": "Clínicas",
    "DNI_CIF": "",
    "Id_Cial": 1,
    "Id_TipoCliente": 4,
    "Pais": "España",
    "CodPais": "ES",
    "Idioma": "ES",
    "Direccion": "Calle Escuelas, 9",
    "CodigoPostal": "30580",
    "Id_Provincia": 30,
    "Poblacion": "Alquerías",
    "Movil": "968812355"
  },
  {
    "Nombre_Razon_Social": "Centro Odo.alquerias",
    "TipoCliente": "Clínicas",
    "DNI_CIF": "",
    "Id_Cial": 1,
    "Id_TipoCliente": 4,
    "Pais": "España",
    "CodPais": "ES",
    "Idioma": "ES",
    "Direccion": "Calle Cura Jiménez, 2",
    "CodigoPostal": "30580",
    "Id_Provincia": 30,
    "Poblacion": "Alquerías",
    "Movil": "968810807",
    "Web": "https://centroodontologicoalquerias.es"
  },
  {
    "Nombre_Razon_Social": "Clinica Dental Blanca Ranz",
    "TipoCliente": "Clínicas",
    "DNI_CIF": "",
    "Id_Cial": 1,
    "Id_TipoCliente": 4,
    "Pais": "España",
    "CodPais": "ES",
    "Idioma": "ES",
    "Direccion": "Avenida Del Chorrico, 104",
    "CodigoPostal": "30500",
    "Id_Provincia": 30,
    "Poblacion": "Molina De Segura",
    "Movil": "968710711",
    "Web": "https://clinicablancaranz.com"
  },
  {
    "Nombre_Razon_Social": "Dental Studio",
    "TipoCliente": "Clínicas",
    "DNI_CIF": "",
    "Id_Cial": 1,
    "Id_TipoCliente": 4,
    "Pais": "España",
    "CodPais": "ES",
    "Idioma": "ES"
  },
  {
    "Nombre_Razon_Social": "Dental Javier Rodriguez",
    "TipoCliente": "Clínicas",
    "DNI_CIF": "",
    "Id_Cial": 1,
    "Id_TipoCliente": 4,
    "Pais": "España",
    "CodPais": "ES",
    "Idioma": "ES",
    "Direccion": "Plaza José Esteve Mora, 2",
    "CodigoPostal": "30004",
    "Id_Provincia": 30,
    "Poblacion": "Murcia",
    "Movil": "868102210",
    "Web": "http://www.dentalrodriguez.com"
  },
  {
    "Nombre_Razon_Social": "Centro Odontológico Molina",
    "TipoCliente": "Clínicas",
    "DNI_CIF": "",
    "Id_Cial": 1,
    "Id_TipoCliente": 4,
    "Pais": "España",
    "CodPais": "ES",
    "Idioma": "ES",
    "Direccion": "Avenida Gutiérrez Mellado, 19",
    "CodigoPostal": "30500",
    "Id_Provincia": 30,
    "Poblacion": "Molina De Segura",
    "Movil": "968615330"
  },
  {
    "Nombre_Razon_Social": "Clinica Dental Molident",
    "TipoCliente": "Clínicas",
    "DNI_CIF": "",
    "Id_Cial": 1,
    "Id_TipoCliente": 4,
    "Pais": "España",
    "CodPais": "ES",
    "Idioma": "ES",
    "Direccion": "Calle Serrerías, 2, 2º D",
    "CodigoPostal": "30500",
    "Id_Provincia": 30,
    "Poblacion": "Molina De Segura",
    "Movil": "968643352",
    "Email": "contacto@molident.es",
    "Web": "https://www.molident.es"
  },
  {
    "Nombre_Razon_Social": "Clinica Simbiotika",
    "TipoCliente": "Clínicas",
    "DNI_CIF": "",
    "Id_Cial": 1,
    "Id_TipoCliente": 4,
    "Pais": "España",
    "CodPais": "ES",
    "Idioma": "ES",
    "Direccion": "Calle De La Gloria, 3",
    "CodigoPostal": "30003",
    "Id_Provincia": 30,
    "Poblacion": "Murcia",
    "Movil": "968909090",
    "Web": "https://www.clinicasimbiotika.com"
  },
  {
    "Nombre_Razon_Social": "Dental Company las Torres",
    "TipoCliente": "Clínicas",
    "DNI_CIF": "",
    "Id_Cial": 1,
    "Id_TipoCliente": 4,
    "Pais": "España",
    "CodPais": "ES",
    "Idioma": "ES",
    "Direccion": "Plaza De La Constitución, 1",
    "CodigoPostal": "30565",
    "Id_Provincia": 30,
    "Poblacion": "Las Torres De Cotillas",
    "Movil": "968021552",
    "Email": "torrescotillas@dentalcompany.es",
    "Web": "https://dentalcompany.es/clinica-dental-las-torres-de-cotillas"
  },
  {
    "Nombre_Razon_Social": "Clinica Yepes",
    "TipoCliente": "Clínicas",
    "DNI_CIF": "",
    "Id_Cial": 1,
    "Id_TipoCliente": 4,
    "Pais": "España",
    "CodPais": "ES",
    "Idioma": "ES",
    "Direccion": "Avda. Reyes Católicos 45 B",
    "CodigoPostal": "30565",
    "Id_Provincia": 30,
    "Poblacion": "Las Torres De Cotillas",
    "Movil": "968387227",
    "Email": "info@clinicayepes.es",
    "Web": "http://clinicayepes.es"
  },
  {
    "Nombre_Razon_Social": "Clinica Eduardo Lopez",
    "TipoCliente": "Clínicas",
    "DNI_CIF": "",
    "Id_Cial": 1,
    "Id_TipoCliente": 4,
    "Pais": "España",
    "CodPais": "ES",
    "Idioma": "ES",
    "Direccion": "Paseo Doctor Fernández Jara, 2, Bajo",
    "CodigoPostal": "30565",
    "Id_Provincia": 30,
    "Poblacion": "Las Torres De Cotillas",
    "Movil": "968624646",
    "Email": "eduardolopez2002@ono.com",
    "Web": "https://www.clinicadentaleduardolopez.com"
  },
  {
    "Nombre_Razon_Social": "Clinica Dental Entrevias",
    "TipoCliente": "Clínicas",
    "DNI_CIF": "",
    "Id_Cial": 1,
    "Id_TipoCliente": 4,
    "Pais": "España",
    "CodPais": "ES",
    "Idioma": "ES",
    "Direccion": "Calle Mayor, 72",
    "CodigoPostal": "30820",
    "Id_Provincia": 30,
    "Poblacion": "Alcantarilla",
    "Movil": "968894572",
    "Email": "info@clinicadentalentrevias.es",
    "Web": "https://clinicadentalentrevias.es"
  },
  {
    "Nombre_Razon_Social": "Clinica Liliana Ortiz",
    "TipoCliente": "Clínicas",
    "DNI_CIF": "",
    "Id_Cial": 1,
    "Id_TipoCliente": 4,
    "Pais": "España",
    "CodPais": "ES",
    "Idioma": "ES",
    "Direccion": "Calle De La Gloria, 3",
    "CodigoPostal": "30003",
    "Id_Provincia": 30,
    "Poblacion": "Murcia",
    "Movil": "968212223",
    "Web": "http://www.clinicalilianaortiz.com"
  },
  {
    "Nombre_Razon_Social": "Clinica Dr.frias",
    "TipoCliente": "Clínicas",
    "DNI_CIF": "",
    "Id_Cial": 1,
    "Id_TipoCliente": 4,
    "Pais": "España",
    "CodPais": "ES",
    "Idioma": "ES",
    "Direccion": "Calle Estación De Lorca, Nº 2, Local 6",
    "CodigoPostal": "30820",
    "Id_Provincia": 30,
    "Poblacion": "Alcantarilla",
    "Movil": "968806828",
    "Web": "https://implantologika.com"
  },
  {
    "Nombre_Razon_Social": "Clinica Vicente Ferrer",
    "TipoCliente": "Clínicas",
    "DNI_CIF": "",
    "Id_Cial": 1,
    "Id_TipoCliente": 4,
    "Pais": "España",
    "CodPais": "ES",
    "Idioma": "ES",
    "Direccion": "Calle De La Cruz, 2, Entresuelo",
    "CodigoPostal": "30820",
    "Id_Provincia": 30,
    "Poblacion": "Alcantarilla",
    "Movil": "968808536",
    "Email": "info@clinicaferrer.com",
    "Web": "http://www.clinicaferrer.com"
  },
  {
    "Nombre_Razon_Social": "Clinica Matilde Montiel",
    "TipoCliente": "Clínicas",
    "DNI_CIF": "",
    "Id_Cial": 1,
    "Id_TipoCliente": 4,
    "Pais": "España",
    "CodPais": "ES",
    "Idioma": "ES",
    "Direccion": "Paseo José Antonio Camacho, 5 Bajo",
    "CodigoPostal": "30530",
    "Id_Provincia": 30,
    "Poblacion": "Cieza",
    "Movil": "695873944",
    "Email": "info@clinicadentalmatildemontiel.com",
    "Web": "https://clinicadentalmatildemontiel.com"
  },
  {
    "Nombre_Razon_Social": "Clinica Dental Paseo",
    "TipoCliente": "Clínicas",
    "DNI_CIF": "",
    "Id_Cial": 1,
    "Id_TipoCliente": 4,
    "Pais": "España",
    "CodPais": "ES",
    "Idioma": "ES",
    "Direccion": "Calle San Francisco, 19",
    "CodigoPostal": "30170",
    "Id_Provincia": 30,
    "Poblacion": "Mula",
    "Movil": "968661484"
  },
  {
    "Nombre_Razon_Social": "Clinica Dental Laura Fernandez",
    "TipoCliente": "Clínicas",
    "DNI_CIF": "",
    "Id_Cial": 1,
    "Id_TipoCliente": 4,
    "Pais": "España",
    "CodPais": "ES",
    "Idioma": "ES",
    "Direccion": "Calle San Sebastián, 1",
    "CodigoPostal": "30530",
    "Id_Provincia": 30,
    "Poblacion": "Cieza",
    "Movil": "868976035",
    "Email": "info@clinicadentallaurafernandez.es",
    "Web": "https://www.clinicadentallaurafernandez.es"
  },
  {
    "Nombre_Razon_Social": "Clinica Gomez Parra",
    "TipoCliente": "Clínicas",
    "DNI_CIF": "",
    "Id_Cial": 1,
    "Id_TipoCliente": 4,
    "Pais": "España",
    "CodPais": "ES",
    "Idioma": "ES",
    "Direccion": "Avenida De La Unión, 2, 1ºc",
    "CodigoPostal": "30730",
    "Id_Provincia": 30,
    "Poblacion": "San Javier",
    "Movil": "868064747"
  },
  {
    "Nombre_Razon_Social": "Clinica Arte Dental",
    "TipoCliente": "Clínicas",
    "DNI_CIF": "",
    "Id_Cial": 1,
    "Id_TipoCliente": 4,
    "Pais": "España",
    "CodPais": "ES",
    "Idioma": "ES",
    "Direccion": "Avenida De Pinatar, 16",
    "CodigoPostal": "30730",
    "Id_Provincia": 30,
    "Poblacion": "San Javier",
    "Movil": "968566412",
    "Web": "http://www.artedentalsanjavier.es"
  },
  {
    "Nombre_Razon_Social": "Dental Company San Pedro",
    "TipoCliente": "Clínicas",
    "DNI_CIF": "",
    "Id_Cial": 1,
    "Id_TipoCliente": 4,
    "Pais": "España",
    "CodPais": "ES",
    "Idioma": "ES",
    "Direccion": "Avenida Dr. Artero Guirao, 106",
    "CodigoPostal": "30740",
    "Id_Provincia": 30,
    "Poblacion": "San Pedro Del Pinatar",
    "Movil": "968922022",
    "Email": "sanpedropinatar@dentalcompany.es",
    "Web": "https://dentalcompany.es/clinicas-dentales"
  },
  {
    "Nombre_Razon_Social": "Titanium Dental",
    "TipoCliente": "Clínicas",
    "DNI_CIF": "",
    "Id_Cial": 1,
    "Id_TipoCliente": 4,
    "Pais": "España",
    "CodPais": "ES",
    "Idioma": "ES",
    "Direccion": "Av. Emilio Castelar, 51",
    "CodigoPostal": "30740",
    "Id_Provincia": 30,
    "Poblacion": "San Pedro Del Pinatar",
    "Movil": "968335475",
    "Web": "http://www.titaniumdental.es"
  },
  {
    "Nombre_Razon_Social": "Dental Victoria Muñoz",
    "TipoCliente": "Clínicas",
    "DNI_CIF": "",
    "Id_Cial": 1,
    "Id_TipoCliente": 4,
    "Pais": "España",
    "CodPais": "ES",
    "Idioma": "ES",
    "Direccion": "Av. Ctra. De Granada, Nº 31, Bajo",
    "CodigoPostal": "30400",
    "Id_Provincia": 30,
    "Poblacion": "Caravaca De La Cruz",
    "Movil": "968707081",
    "Email": "mlvictoriacd@gmail.com",
    "Web": "https://mlvictoriacd.wixsite.com/clinica-dental-victo"
  },
  {
    "Nombre_Razon_Social": "Clinica Marin Dental",
    "TipoCliente": "Clínicas",
    "DNI_CIF": "",
    "Id_Cial": 1,
    "Id_TipoCliente": 4,
    "Pais": "España",
    "CodPais": "ES",
    "Idioma": "ES",
    "Direccion": "Calle De La Gloria, 3",
    "CodigoPostal": "30003",
    "Id_Provincia": 30,
    "Poblacion": "Murcia",
    "Movil": "968210304",
    "Web": "https://www.clinicadentalmarin.com"
  },
  {
    "Nombre_Razon_Social": "Clinica Dental Francisca Diaz",
    "TipoCliente": "Clínicas",
    "DNI_CIF": "",
    "Id_Cial": 1,
    "Id_TipoCliente": 4,
    "Pais": "España",
    "CodPais": "ES",
    "Idioma": "ES",
    "Direccion": "Av. Constantino López, 6, Bajo A",
    "CodigoPostal": "30840",
    "Id_Provincia": 30,
    "Poblacion": "Alhama De Murcia",
    "Movil": "968631061",
    "Web": "https://clinicadentalalhamademurcia.es"
  },
  {
    "Nombre_Razon_Social": "Clinica Dental Bucalh",
    "TipoCliente": "Clínicas",
    "DNI_CIF": "",
    "Id_Cial": 1,
    "Id_TipoCliente": 4,
    "Pais": "España",
    "CodPais": "ES",
    "Idioma": "ES",
    "Direccion": "Avenida Cartagena, 14",
    "CodigoPostal": "30840",
    "Id_Provincia": 30,
    "Poblacion": "Alhama De Murcia",
    "Movil": "868082616",
    "Email": "info@bucalhclinicadental.com",
    "Web": "http://www.bucalhclinicadental.com"
  },
  {
    "Nombre_Razon_Social": "Clinica Dental Espada",
    "TipoCliente": "Clínicas",
    "DNI_CIF": "",
    "Id_Cial": 1,
    "Id_TipoCliente": 4,
    "Pais": "España",
    "CodPais": "ES",
    "Idioma": "ES",
    "Direccion": "Calle De La Gloria, 3",
    "CodigoPostal": "30003",
    "Id_Provincia": 30,
    "Poblacion": "Murcia",
    "Movil": "968210304",
    "Web": "http://www.clinicadentalespada.com"
  },
  {
    "Nombre_Razon_Social": "Clinica Nueva Sonrisa",
    "TipoCliente": "Clínicas",
    "DNI_CIF": "",
    "Id_Cial": 1,
    "Id_TipoCliente": 4,
    "Pais": "España",
    "CodPais": "ES",
    "Idioma": "ES",
    "Direccion": "Calle Cartagena, 69",
    "CodigoPostal": "30700",
    "Id_Provincia": 30,
    "Poblacion": "Torre-pacheco",
    "Movil": "602440177",
    "Web": "https://nuevasonrisadental.es"
  },
  {
    "Nombre_Razon_Social": "Clinica Belen Pedreño",
    "TipoCliente": "Clínicas",
    "DNI_CIF": "",
    "Id_Cial": 1,
    "Id_TipoCliente": 4,
    "Pais": "España",
    "CodPais": "ES",
    "Idioma": "ES",
    "Direccion": "Avenida Juan Carlos I, 51",
    "CodigoPostal": "30700",
    "Id_Provincia": 30,
    "Poblacion": "Torre-pacheco",
    "Movil": "868127286",
    "Email": "hola@belenpedreno.com",
    "Web": "http://www.belenpedreno.com"
  },
  {
    "Nombre_Razon_Social": "Clinica Pedro Fernandez",
    "TipoCliente": "Clínicas",
    "DNI_CIF": "",
    "Id_Cial": 1,
    "Id_TipoCliente": 4,
    "Pais": "España",
    "CodPais": "ES",
    "Idioma": "ES",
    "Direccion": "Calle Venecia, 1",
    "CodigoPostal": "30700",
    "Id_Provincia": 30,
    "Poblacion": "Torre-pacheco",
    "Movil": "968577430"
  },
  {
    "Nombre_Razon_Social": "Clinica Soledad Chacon",
    "TipoCliente": "Clínicas",
    "DNI_CIF": "",
    "Id_Cial": 1,
    "Id_TipoCliente": 4,
    "Pais": "España",
    "CodPais": "ES",
    "Idioma": "ES",
    "Direccion": "Paseo Alfonso Xiii, 66, 2º B",
    "CodigoPostal": "30203",
    "Id_Provincia": 30,
    "Poblacion": "Cartagena",
    "Movil": "968509714"
  },
  {
    "Nombre_Razon_Social": "Dental Estels Cebtro",
    "TipoCliente": "Clínicas",
    "DNI_CIF": "",
    "Id_Cial": 1,
    "Id_TipoCliente": 4,
    "Pais": "España",
    "CodPais": "ES",
    "Idioma": "ES",
    "Direccion": "Calle Pintor Balaca, 12, Bajo",
    "CodigoPostal": "30204",
    "Id_Provincia": 30,
    "Poblacion": "Cartagena",
    "Movil": "968070768",
    "Email": "estelscartagena@gmail.com",
    "Web": "https://clinicaestels.com"
  },
  {
    "Nombre_Razon_Social": "Dental Estels Ciudad Jardin",
    "TipoCliente": "Clínicas",
    "DNI_CIF": "",
    "Id_Cial": 1,
    "Id_TipoCliente": 4,
    "Pais": "España",
    "CodPais": "ES",
    "Idioma": "ES",
    "Direccion": "Calle Carmen Conde, 59, Bajo",
    "CodigoPostal": "30204",
    "Id_Provincia": 30,
    "Poblacion": "Cartagena",
    "Movil": "968519595",
    "Email": "estelsciudadjardin@gmail.com",
    "Web": "https://clinicaestels.com"
  },
  {
    "Nombre_Razon_Social": "Dental Estels Santa Ana",
    "TipoCliente": "Clínicas",
    "DNI_CIF": "",
    "Id_Cial": 1,
    "Id_TipoCliente": 4,
    "Pais": "España",
    "CodPais": "ES",
    "Idioma": "ES",
    "Direccion": "Avenida Venecia, 15, Bajo",
    "CodigoPostal": "30319",
    "Id_Provincia": 30,
    "Poblacion": "Cartagena",
    "Movil": "968263852",
    "Email": "estelsdental.santa.ana@gmail.com",
    "Web": "https://clinicaestels.com"
  },
  {
    "Nombre_Razon_Social": "Periodent",
    "TipoCliente": "Clínicas",
    "DNI_CIF": "",
    "Id_Cial": 1,
    "Id_TipoCliente": 4,
    "Pais": "España",
    "CodPais": "ES",
    "Idioma": "ES",
    "Direccion": "Calle Juan Fernández, 7, 1-a",
    "CodigoPostal": "30204",
    "Id_Provincia": 30,
    "Poblacion": "Cartagena",
    "Movil": "968125166",
    "Email": "info@clinicadentalperiodent.com",
    "Web": "http://www.clinicadentalperiodent.com"
  },
  {
    "Nombre_Razon_Social": "Dental Ortonova",
    "TipoCliente": "Clínicas",
    "DNI_CIF": "",
    "Id_Cial": 1,
    "Id_TipoCliente": 4,
    "Pais": "España",
    "CodPais": "ES",
    "Idioma": "ES",
    "Direccion": "Calle San Basilio, 8",
    "CodigoPostal": "30204",
    "Id_Provincia": 30,
    "Poblacion": "Cartagena",
    "Movil": "868979762",
    "Web": "https://clinicaortonova.com"
  },
  {
    "Nombre_Razon_Social": "Dental Trees",
    "TipoCliente": "Clínicas",
    "DNI_CIF": "",
    "Id_Cial": 1,
    "Id_TipoCliente": 4,
    "Pais": "España",
    "CodPais": "ES",
    "Idioma": "ES",
    "Direccion": "Paseo Alfonso Xiii, 49",
    "CodigoPostal": "30203",
    "Id_Provincia": 30,
    "Poblacion": "Cartagena",
    "Movil": "968080875",
    "Email": "consulta@treesclinicadental.com",
    "Web": "https://treesclinicadental.com"
  },
  {
    "Nombre_Razon_Social": "Caser Dental Cartagena",
    "TipoCliente": "Clínicas",
    "DNI_CIF": "",
    "Id_Cial": 1,
    "Id_TipoCliente": 4,
    "Pais": "España",
    "CodPais": "ES",
    "Idioma": "ES",
    "Direccion": "Avenida Reina Victoria Eugenia, 26",
    "CodigoPostal": "30204",
    "Id_Provincia": 30,
    "Poblacion": "Cartagena",
    "Movil": "968080843",
    "Email": "clinicacartagena@caserdental.es",
    "Web": "https://www.caser.es/cuadro-medico-salud/centros/centro/fgcfhzb-clinica-dental-caser-cartagena-cartagena"
  },
  {
    "Nombre_Razon_Social": "Clinica Paloma Molinero",
    "TipoCliente": "Clínicas",
    "DNI_CIF": "",
    "Id_Cial": 1,
    "Id_TipoCliente": 4,
    "Pais": "España",
    "CodPais": "ES",
    "Idioma": "ES",
    "Direccion": "Calle Juan Fernández, 2, Entresuelo B",
    "CodigoPostal": "30201",
    "Id_Provincia": 30,
    "Poblacion": "Cartagena",
    "Movil": "868062126",
    "Email": "clinicadentalpmp@hotmail.es",
    "Web": "https://clinicadentalpalomamolinero.com"
  },
  {
    "Nombre_Razon_Social": "Ipsum Centro Odontológico",
    "TipoCliente": "Clínicas",
    "DNI_CIF": "",
    "Id_Cial": 1,
    "Id_TipoCliente": 4,
    "Pais": "España",
    "CodPais": "ES",
    "Idioma": "ES",
    "Direccion": "Calle Príncipe De Asturias, 50",
    "CodigoPostal": "30204",
    "Id_Provincia": 30,
    "Poblacion": "Cartagena",
    "Movil": "968081800",
    "Web": "https://ipsumdental.es"
  },
  {
    "Nombre_Razon_Social": "Clinica Dres.garcia",
    "TipoCliente": "Clínicas",
    "DNI_CIF": "",
    "Id_Cial": 1,
    "Id_TipoCliente": 4,
    "Pais": "España",
    "CodPais": "ES",
    "Idioma": "ES",
    "Direccion": "Calle Jabonerías, 20",
    "CodigoPostal": "30201",
    "Id_Provincia": 30,
    "Poblacion": "Cartagena",
    "Movil": "633522370",
    "Web": "https://dentalgarciagil.es"
  },
  {
    "Nombre_Razon_Social": "Servident",
    "TipoCliente": "Clínicas",
    "DNI_CIF": "",
    "Id_Cial": 1,
    "Id_TipoCliente": 4,
    "Pais": "España",
    "CodPais": "ES",
    "Idioma": "ES",
    "Direccion": "Calle Ángel Bruna, 25",
    "CodigoPostal": "30203",
    "Id_Provincia": 30,
    "Poblacion": "Cartagena",
    "Movil": "968121303"
  },
  {
    "Nombre_Razon_Social": "Centro Odontológico Innova",
    "TipoCliente": "Clínicas",
    "DNI_CIF": "",
    "Id_Cial": 1,
    "Id_TipoCliente": 4,
    "Pais": "España",
    "CodPais": "ES",
    "Idioma": "ES",
    "Direccion": "Calle Huerto De Los Frailes, S/n, Bajo",
    "CodigoPostal": "30170",
    "Id_Provincia": 30,
    "Poblacion": "Mula",
    "Movil": "968637576",
    "Web": "https://centroodontologicoinnova.com"
  },
  {
    "Nombre_Razon_Social": "Rydental",
    "TipoCliente": "Clínicas",
    "DNI_CIF": "",
    "Id_Cial": 1,
    "Id_TipoCliente": 4,
    "Pais": "España",
    "CodPais": "ES",
    "Idioma": "ES",
    "Direccion": "Avenida Nueva Cartagena, 43, Bajo 1",
    "CodigoPostal": "30310",
    "Id_Provincia": 30,
    "Poblacion": "Cartagena",
    "Movil": "868093581"
  },
  {
    "Nombre_Razon_Social": "Clinica Dental Sutullena",
    "TipoCliente": "Clínicas",
    "DNI_CIF": "",
    "Id_Cial": 1,
    "Id_TipoCliente": 4,
    "Pais": "España",
    "CodPais": "ES",
    "Idioma": "ES",
    "Direccion": "Calle De La Merced, 5",
    "CodigoPostal": "30001",
    "Id_Provincia": 30,
    "Poblacion": "Murcia",
    "Movil": "968210304",
    "Web": "https://www.clinicadentalsutullena.com"
  },
  {
    "Nombre_Razon_Social": "Clinica Fuentes",
    "TipoCliente": "Clínicas",
    "DNI_CIF": "",
    "Id_Cial": 1,
    "Id_TipoCliente": 4,
    "Pais": "España",
    "CodPais": "ES",
    "Idioma": "ES",
    "Direccion": "Calle Eugenio Úbeda, 18, Bajo",
    "CodigoPostal": "30800",
    "Id_Provincia": 30,
    "Poblacion": "Lorca",
    "Movil": "968467394",
    "Web": "http://www.fuentesdental.com"
  },
  {
    "Nombre_Razon_Social": "Dental San Jose",
    "TipoCliente": "Clínicas",
    "DNI_CIF": "",
    "Id_Cial": 1,
    "Id_TipoCliente": 4,
    "Pais": "España",
    "CodPais": "ES",
    "Idioma": "ES",
    "Direccion": "Plaza San José, 1, 1º",
    "CodigoPostal": "30800",
    "Id_Provincia": 30,
    "Poblacion": "Lorca",
    "Movil": "968471181",
    "Email": "contacto@clinicadentalsanjoselorca.es",
    "Web": "https://www.clinicadentalsanjoselorca.es"
  },
  {
    "Nombre_Razon_Social": "Dental Juan Francisco Alcazar",
    "TipoCliente": "Clínicas",
    "DNI_CIF": "",
    "Id_Cial": 1,
    "Id_TipoCliente": 4,
    "Pais": "España",
    "CodPais": "ES",
    "Idioma": "ES",
    "Direccion": "Calle Corredera, 23",
    "CodigoPostal": "30800",
    "Id_Provincia": 30,
    "Poblacion": "Lorca",
    "Movil": "968477412",
    "Email": "info@clinicadentalalcazar.com",
    "Web": "https://clinicadentalalcazar.com"
  },
  {
    "Nombre_Razon_Social": "Dental Rene Rojas",
    "TipoCliente": "Clínicas",
    "DNI_CIF": "",
    "Id_Cial": 1,
    "Id_TipoCliente": 4,
    "Pais": "España",
    "CodPais": "ES",
    "Idioma": "ES",
    "Direccion": "Calle Santa Paula, 4",
    "CodigoPostal": "30800",
    "Id_Provincia": 30,
    "Poblacion": "Lorca",
    "Movil": "968472959",
    "Web": "https://clinicadentalrenerojasserrano.wordpress.com"
  },
  {
    "Nombre_Razon_Social": "Dental Sonrisas",
    "TipoCliente": "Clínicas",
    "DNI_CIF": "",
    "Id_Cial": 1,
    "Id_TipoCliente": 4,
    "Pais": "España",
    "CodPais": "ES",
    "Idioma": "ES",
    "Direccion": "Calle María Mar Mármol Ferri",
    "CodigoPostal": "30800",
    "Id_Provincia": 30,
    "Poblacion": "Lorca",
    "Movil": "690243537"
  },
  {
    "Nombre_Razon_Social": "Dental Corredera",
    "TipoCliente": "Clínicas",
    "DNI_CIF": "",
    "Id_Cial": 1,
    "Id_TipoCliente": 4,
    "Pais": "España",
    "CodPais": "ES",
    "Idioma": "ES",
    "Poblacion": "Lorca",
    "Movil": "968466906",
    "Web": "https://clinicacorredera.es",
    "Direccion": "Calle Corredera, 15",
    "CodigoPostal": "30800",
    "Id_Provincia": 30,
    "Email": "clinicacorredera@yahoo.es"
  },
  {
    "Nombre_Razon_Social": "Dental Dosda Bru",
    "TipoCliente": "Clínicas",
    "DNI_CIF": "",
    "Id_Cial": 1,
    "Id_TipoCliente": 4,
    "Pais": "España",
    "CodPais": "ES",
    "Idioma": "ES",
    "Direccion": "Calle Lope Gisbert, 18",
    "CodigoPostal": "30800",
    "Id_Provincia": 30,
    "Poblacion": "Lorca",
    "Movil": "968463552"
  },
  {
    "Nombre_Razon_Social": "Clinica Dental Dor",
    "TipoCliente": "Clínicas",
    "DNI_CIF": "",
    "Id_Cial": 1,
    "Id_TipoCliente": 4,
    "Pais": "España",
    "CodPais": "ES",
    "Idioma": "ES",
    "Direccion": "Calle Pérez Casas, 106",
    "CodigoPostal": "30800",
    "Id_Provincia": 30,
    "Poblacion": "Lorca",
    "Movil": "640713862",
    "Web": "https://clinicadentaldor.com"
  },
  {
    "Nombre_Razon_Social": "Dental Juan Carlos I",
    "TipoCliente": "Clínicas",
    "DNI_CIF": "",
    "Id_Cial": 1,
    "Id_TipoCliente": 4,
    "Pais": "España",
    "CodPais": "ES",
    "Idioma": "ES",
    "Direccion": "Calle Baldomero Ferrer \"baldo\", 1, Bajo, Edificio Las Encinas",
    "CodigoPostal": "30009",
    "Id_Provincia": 30,
    "Poblacion": "Murcia",
    "Movil": "968270039",
    "Email": "clinicajuancarlos@hotmail.com",
    "Web": "https://clinicajuancarlos1.es"
  },
  {
    "Nombre_Razon_Social": "Dental Dr Alejo",
    "TipoCliente": "Clínicas",
    "DNI_CIF": "",
    "Id_Cial": 1,
    "Id_TipoCliente": 4,
    "Pais": "España",
    "CodPais": "ES",
    "Idioma": "ES",
    "Direccion": "Av. Juan Carlos I, 30",
    "CodigoPostal": "30800",
    "Id_Provincia": 30,
    "Poblacion": "Lorca",
    "Movil": "968466522",
    "Web": "https://clinicadentaldralejo.com"
  },
  {
    "Nombre_Razon_Social": "Dental San Cristobal",
    "TipoCliente": "Clínicas",
    "DNI_CIF": "",
    "Id_Cial": 1,
    "Id_TipoCliente": 4,
    "Pais": "España",
    "CodPais": "ES",
    "Idioma": "ES",
    "Direccion": "Calle San Cristóbal, 5",
    "CodigoPostal": "30001",
    "Id_Provincia": 30,
    "Poblacion": "Murcia",
    "Movil": "968210304",
    "Web": "http://www.dentalsancristobal.com"
  },
  {
    "Nombre_Razon_Social": "Cs el Ranero",
    "TipoCliente": "Clínicas",
    "DNI_CIF": "",
    "Id_Cial": 1,
    "Id_TipoCliente": 4,
    "Pais": "España",
    "CodPais": "ES",
    "Idioma": "ES",
    "Direccion": "Paseo Duques De Lugo, 5",
    "CodigoPostal": "30009",
    "Id_Provincia": 30,
    "Poblacion": "Murcia",
    "Movil": "968286142"
  },
  {
    "Nombre_Razon_Social": "Cs Puente Tocinos",
    "TipoCliente": "Clínicas",
    "DNI_CIF": "",
    "Id_Cial": 1,
    "Id_TipoCliente": 4,
    "Pais": "España",
    "CodPais": "ES",
    "Idioma": "ES",
    "Direccion": "Plaza Reina Sofía, S/n",
    "CodigoPostal": "30006",
    "Id_Provincia": 30,
    "Poblacion": "Murcia",
    "Movil": "968302159"
  },
  {
    "Nombre_Razon_Social": "Cs Infante",
    "TipoCliente": "Clínicas",
    "DNI_CIF": "",
    "Id_Cial": 1,
    "Id_TipoCliente": 4,
    "Pais": "España",
    "CodPais": "ES",
    "Idioma": "ES",
    "Direccion": "Calle Pintor Almela Costa, S/n",
    "CodigoPostal": "30011",
    "Id_Provincia": 30,
    "Poblacion": "Murcia",
    "Movil": "968343000"
  },
  {
    "Nombre_Razon_Social": "Cs San Javier",
    "TipoCliente": "Clínicas",
    "DNI_CIF": "",
    "Id_Cial": 1,
    "Id_TipoCliente": 4,
    "Pais": "España",
    "CodPais": "ES",
    "Idioma": "ES",
    "Direccion": "Calle Cabo Ras, Esquina Calle Cabo Lara",
    "CodigoPostal": "30730",
    "Id_Provincia": 30,
    "Poblacion": "San Javier",
    "Movil": "968191866"
  },
  {
    "Nombre_Razon_Social": "Cs San Pedro del Pinatar",
    "TipoCliente": "Clínicas",
    "DNI_CIF": "",
    "Id_Cial": 1,
    "Id_TipoCliente": 4,
    "Pais": "España",
    "CodPais": "ES",
    "Idioma": "ES",
    "Direccion": "Avenida De Las Salinas, 50",
    "CodigoPostal": "30740",
    "Id_Provincia": 30,
    "Poblacion": "San Pedro Del Pinatar",
    "Movil": "968182062"
  },
  {
    "Nombre_Razon_Social": "Cs la Alberca",
    "TipoCliente": "Clínicas",
    "DNI_CIF": "",
    "Id_Cial": 1,
    "Id_TipoCliente": 4,
    "Pais": "España",
    "CodPais": "ES",
    "Idioma": "ES",
    "Direccion": "Calle José Paredes, S/n",
    "CodigoPostal": "30150",
    "Id_Provincia": 30,
    "Poblacion": "La Alberca",
    "Movil": "968845896"
  },
  {
    "Nombre_Razon_Social": "Cs Torre Pacheco",
    "TipoCliente": "Clínicas",
    "DNI_CIF": "",
    "Id_Cial": 1,
    "Id_TipoCliente": 4,
    "Pais": "España",
    "CodPais": "ES",
    "Idioma": "ES",
    "Direccion": "Plaza Rosa Regás, 1",
    "CodigoPostal": "30700",
    "Id_Provincia": 30,
    "Poblacion": "Torre-pacheco",
    "Movil": "968576433"
  },
  {
    "Nombre_Razon_Social": "Cs Zarandona",
    "TipoCliente": "Clínicas",
    "DNI_CIF": "",
    "Id_Cial": 1,
    "Id_TipoCliente": 4,
    "Pais": "España",
    "CodPais": "ES",
    "Idioma": "ES",
    "Direccion": "Calle Goya, 2",
    "CodigoPostal": "30007",
    "Id_Provincia": 30,
    "Poblacion": "Murcia",
    "Movil": "968233404"
  },
  {
    "Nombre_Razon_Social": "Cs los Dolores Cartagena",
    "TipoCliente": "Clínicas",
    "DNI_CIF": "",
    "Id_Cial": 1,
    "Id_TipoCliente": 4,
    "Pais": "España",
    "CodPais": "ES",
    "Idioma": "ES",
    "Direccion": "Calle Alfonso Xiii",
    "CodigoPostal": "30203",
    "Id_Provincia": 30,
    "Poblacion": "Cartagena",
    "Movil": "968310000"
  },
  {
    "Nombre_Razon_Social": "Cs Molina Jesus Marin",
    "TipoCliente": "Clínicas",
    "DNI_CIF": "",
    "Id_Cial": 1,
    "Id_TipoCliente": 4,
    "Pais": "España",
    "CodPais": "ES",
    "Idioma": "ES",
    "Direccion": "Calle Enrique Bernal Capel, 4",
    "CodigoPostal": "30500",
    "Id_Provincia": 30,
    "Poblacion": "Molina De Segura",
    "Movil": "968389257"
  },
  {
    "Nombre_Razon_Social": "Cs Fuente Alamo",
    "TipoCliente": "Clínicas",
    "DNI_CIF": "",
    "Id_Cial": 1,
    "Id_TipoCliente": 4,
    "Pais": "España",
    "CodPais": "ES",
    "Idioma": "ES",
    "Direccion": "Ronda Poniente, S/n",
    "CodigoPostal": "30320",
    "Id_Provincia": 30,
    "Poblacion": "Fuente Álamo",
    "Movil": "968598507"
  },
  {
    "Nombre_Razon_Social": "Cs San Andres",
    "TipoCliente": "Clínicas",
    "DNI_CIF": "",
    "Id_Cial": 1,
    "Id_TipoCliente": 4,
    "Pais": "España",
    "CodPais": "ES",
    "Idioma": "ES",
    "Direccion": "Calle Escultor José Sánchez Lozano, 7, Planta Baja",
    "CodigoPostal": "30005",
    "Id_Provincia": 30,
    "Poblacion": "Murcia",
    "Movil": "968394823"
  },
  {
    "Nombre_Razon_Social": "Cs Cartagena Casco",
    "TipoCliente": "Clínicas",
    "DNI_CIF": "",
    "Id_Cial": 1,
    "Id_TipoCliente": 4,
    "Pais": "España",
    "CodPais": "ES",
    "Idioma": "ES",
    "Direccion": "Calle San Juan, 3",
    "CodigoPostal": "30201",
    "Id_Provincia": 30,
    "Poblacion": "Cartagena",
    "Movil": "968500000"
  },
  {
    "Nombre_Razon_Social": "Cs Cartagena Virgen Caridad",
    "TipoCliente": "Clínicas",
    "DNI_CIF": "",
    "Id_Cial": 1,
    "Id_TipoCliente": 4,
    "Pais": "España",
    "CodPais": "ES",
    "Idioma": "ES",
    "Direccion": "Calle Cabrera, S/n",
    "CodigoPostal": "30203",
    "Id_Provincia": 30,
    "Poblacion": "Cartagena",
    "Movil": "968528500"
  },
  {
    "Nombre_Razon_Social": "Cs Floridablanca",
    "TipoCliente": "Clínicas",
    "DNI_CIF": "",
    "Id_Cial": 1,
    "Id_TipoCliente": 4,
    "Pais": "España",
    "CodPais": "ES",
    "Idioma": "ES",
    "Direccion": "Calle Carril De Las Palmeras, 3",
    "CodigoPostal": "30002",
    "Id_Provincia": 30,
    "Poblacion": "Murcia",
    "Movil": "968117044"
  },
  {
    "Nombre_Razon_Social": "Cs Murcia Sur",
    "TipoCliente": "Clínicas",
    "DNI_CIF": "",
    "Id_Cial": 1,
    "Id_TipoCliente": 4,
    "Pais": "España",
    "CodPais": "ES",
    "Idioma": "ES",
    "Direccion": "Avenida General Ortín, 2",
    "CodigoPostal": "30010",
    "Id_Provincia": 30,
    "Poblacion": "Murcia",
    "Movil": "968066066"
  },
  {
    "Nombre_Razon_Social": "Cs Blanca",
    "TipoCliente": "Clínicas",
    "DNI_CIF": "",
    "Id_Cial": 1,
    "Id_TipoCliente": 4,
    "Pais": "España",
    "CodPais": "ES",
    "Idioma": "ES",
    "Direccion": "Calle Federico García Lorca, 40",
    "CodigoPostal": "30540",
    "Id_Provincia": 30,
    "Poblacion": "Blanca",
    "Movil": "968459202"
  },
  {
    "Nombre_Razon_Social": "Cs Abaran",
    "TipoCliente": "Clínicas",
    "DNI_CIF": "",
    "Id_Cial": 1,
    "Id_TipoCliente": 4,
    "Pais": "España",
    "CodPais": "ES",
    "Idioma": "ES",
    "Direccion": "Calle Doctor Molina",
    "CodigoPostal": "30550",
    "Id_Provincia": 30,
    "Poblacion": "Abarán",
    "Movil": "968770000"
  },
  {
    "Nombre_Razon_Social": "Cs Cieza",
    "TipoCliente": "Clínicas",
    "DNI_CIF": "",
    "Id_Cial": 1,
    "Id_TipoCliente": 4,
    "Pais": "España",
    "CodPais": "ES",
    "Idioma": "ES",
    "Direccion": "Avenida De Italia, S/n",
    "CodigoPostal": "30530",
    "Id_Provincia": 30,
    "Poblacion": "Cieza",
    "Movil": "968762420"
  },
  {
    "Nombre_Razon_Social": "Cs Archena",
    "TipoCliente": "Clínicas",
    "DNI_CIF": "",
    "Id_Cial": 1,
    "Id_TipoCliente": 4,
    "Pais": "España",
    "CodPais": "ES",
    "Idioma": "ES",
    "Direccion": "Calle Siria, S/n",
    "CodigoPostal": "30600",
    "Id_Provincia": 30,
    "Poblacion": "Archena",
    "Movil": "968671748"
  },
  {
    "Nombre_Razon_Social": "Cs Mula",
    "TipoCliente": "Clínicas",
    "DNI_CIF": "",
    "Id_Cial": 1,
    "Id_TipoCliente": 4,
    "Pais": "España",
    "CodPais": "ES",
    "Idioma": "ES",
    "Direccion": "Avenida Juan Viñegla, S/n",
    "CodigoPostal": "30170",
    "Id_Provincia": 30,
    "Poblacion": "Mula",
    "Movil": "968637217"
  },
  {
    "Nombre_Razon_Social": "Cs Caravaca",
    "TipoCliente": "Clínicas",
    "DNI_CIF": "",
    "Id_Cial": 1,
    "Id_TipoCliente": 4,
    "Pais": "España",
    "CodPais": "ES",
    "Idioma": "ES",
    "Direccion": "Calle Junquico, S/n",
    "CodigoPostal": "30400",
    "Id_Provincia": 30,
    "Poblacion": "Caravaca De La Cruz",
    "Movil": "968702412"
  },
  {
    "Nombre_Razon_Social": "Cs Lorca la Viña",
    "TipoCliente": "Clínicas",
    "DNI_CIF": "",
    "Id_Cial": 1,
    "Id_TipoCliente": 4,
    "Pais": "España",
    "CodPais": "ES",
    "Idioma": "ES",
    "Direccion": "Calle Mayor, 1",
    "CodigoPostal": "30800",
    "Id_Provincia": 30,
    "Poblacion": "Lorca",
    "Movil": "968440000"
  },
  {
    "Nombre_Razon_Social": "Cs Lorca San Diego",
    "TipoCliente": "Clínicas",
    "DNI_CIF": "",
    "Id_Cial": 1,
    "Id_TipoCliente": 4,
    "Pais": "España",
    "CodPais": "ES",
    "Idioma": "ES",
    "Direccion": "Calle Juan Antonio Dimas, 1",
    "CodigoPostal": "30800",
    "Id_Provincia": 30,
    "Poblacion": "Lorca",
    "Movil": "968479021"
  },
  {
    "Nombre_Razon_Social": "Cs Salud Lorca-sutullena",
    "TipoCliente": "Clínicas",
    "DNI_CIF": "",
    "Id_Cial": 1,
    "Id_TipoCliente": 4,
    "Pais": "España",
    "CodPais": "ES",
    "Idioma": "ES",
    "Direccion": "Calle Tenor Mario Gabarrón, 6",
    "CodigoPostal": "30800",
    "Id_Provincia": 30,
    "Poblacion": "Lorca",
    "Movil": "968069105"
  },
  {
    "Nombre_Razon_Social": "Cs Mazarrón",
    "TipoCliente": "Clínicas",
    "DNI_CIF": "",
    "Id_Cial": 1,
    "Id_TipoCliente": 4,
    "Pais": "España",
    "CodPais": "ES",
    "Idioma": "ES",
    "Direccion": "Avenida Constitución, S/n",
    "CodigoPostal": "30870",
    "Id_Provincia": 30,
    "Poblacion": "Mazarrón",
    "Movil": "968590411"
  },
  {
    "Nombre_Razon_Social": "Dental Orenes",
    "TipoCliente": "Clínicas",
    "DNI_CIF": "",
    "Id_Cial": 1,
    "Id_TipoCliente": 4,
    "Pais": "España",
    "CodPais": "ES",
    "Idioma": "ES",
    "Direccion": "Calle Miguel Hernández, 12",
    "CodigoPostal": "30011",
    "Id_Provincia": 30,
    "Poblacion": "Murcia",
    "Movil": "968217229",
    "Email": "info@clinicadentalorenes.com",
    "Web": "https://clinicadentalorenes.com"
  },
  {
    "Nombre_Razon_Social": "Clincia Dental Benalua",
    "TipoCliente": "Clínicas",
    "DNI_CIF": "",
    "Id_Cial": 1,
    "Id_TipoCliente": 4,
    "Pais": "España",
    "CodPais": "ES",
    "Idioma": "ES",
    "Direccion": "Calle Alona, 18",
    "CodigoPostal": "03007",
    "Id_Provincia": 3,
    "Poblacion": "Alicante",
    "Movil": "965923159",
    "Web": "https://www.clinicadentalbenalua.com"
  },
  {
    "Nombre_Razon_Social": "Dental Isabel Barro",
    "TipoCliente": "Clínicas",
    "DNI_CIF": "",
    "Id_Cial": 1,
    "Id_TipoCliente": 4,
    "Pais": "España",
    "CodPais": "ES",
    "Idioma": "ES",
    "Direccion": "Calle Bilbao, 2, Piso 3º B",
    "CodigoPostal": "03001",
    "Id_Provincia": 3,
    "Poblacion": "Alicante",
    "Movil": "623252622",
    "Web": "https://ibaodontologiapersonal.es"
  },
  {
    "Nombre_Razon_Social": "Clinica Dres Dental Alicante",
    "TipoCliente": "Clínicas",
    "DNI_CIF": "",
    "Id_Cial": 1,
    "Id_TipoCliente": 4,
    "Pais": "España",
    "CodPais": "ES",
    "Idioma": "ES",
    "Direccion": "Calle México, 20",
    "CodigoPostal": "03008",
    "Id_Provincia": 3,
    "Poblacion": "Alicante",
    "Movil": "865712572",
    "Email": "alicante@doctoresdental.com",
    "Web": "https://doctoresdental.com/dd-alicante-ciudad-de-alicante"
  },
  {
    "Nombre_Razon_Social": "Centro Dental Doncel",
    "TipoCliente": "Clínicas",
    "DNI_CIF": "",
    "Id_Cial": 1,
    "Id_TipoCliente": 4,
    "Pais": "España",
    "CodPais": "ES",
    "Idioma": "ES",
    "Direccion": "Plaza Constitución, 5",
    "CodigoPostal": "03560",
    "Id_Provincia": 3,
    "Poblacion": "El Campello",
    "Movil": "965637074",
    "Email": "consulta@clinicadentaldoncel.es",
    "Web": "https://donceldental.es"
  },
  {
    "Nombre_Razon_Social": "Igb Dental Alicante",
    "TipoCliente": "Clínicas",
    "DNI_CIF": "",
    "Id_Cial": 1,
    "Id_TipoCliente": 4,
    "Pais": "España",
    "CodPais": "ES",
    "Idioma": "ES",
    "Direccion": "Avenida Alfonso X El Sabio, 20",
    "CodigoPostal": "03004",
    "Id_Provincia": 3,
    "Poblacion": "Alicante",
    "Movil": "966356435",
    "Web": "https://www.igbdental.com"
  },
  {
    "Nombre_Razon_Social": "Clinica Odontocenter",
    "TipoCliente": "Clínicas",
    "DNI_CIF": "",
    "Id_Cial": 1,
    "Id_TipoCliente": 4,
    "Pais": "España",
    "CodPais": "ES",
    "Idioma": "ES",
    "Direccion": "Calle Pinoso, 11, Local",
    "CodigoPostal": "03012",
    "Id_Provincia": 3,
    "Poblacion": "Alicante",
    "Movil": "966056518",
    "Email": "clinica@odontocenteralicante.es",
    "Web": "https://odontocenteralicante.es"
  },
  {
    "Nombre_Razon_Social": "Clinica Dental Bona",
    "TipoCliente": "Clínicas",
    "DNI_CIF": "",
    "Id_Cial": 1,
    "Id_TipoCliente": 4,
    "Pais": "España",
    "CodPais": "ES",
    "Idioma": "ES",
    "Direccion": "Calle San Francisco, 62",
    "CodigoPostal": "03001",
    "Id_Provincia": 3,
    "Poblacion": "Alicante",
    "Movil": "965200020",
    "Email": "info@clinicadentalbona.com",
    "Web": "https://www.clinicadentalbona.com"
  },
  {
    "Nombre_Razon_Social": "Clinica Dental Ridere",
    "TipoCliente": "Clínicas",
    "DNI_CIF": "",
    "Id_Cial": 1,
    "Id_TipoCliente": 4,
    "Pais": "España",
    "CodPais": "ES",
    "Idioma": "ES",
    "Direccion": "Avenida De Aguilera, 12",
    "CodigoPostal": "03006",
    "Id_Provincia": 3,
    "Poblacion": "Alicante",
    "Movil": "965270503",
    "Email": "info@rideredental.com",
    "Web": "https://rideredental.es"
  },
  {
    "Nombre_Razon_Social": "Perioimplant",
    "TipoCliente": "Clínicas",
    "DNI_CIF": "",
    "Id_Cial": 1,
    "Id_TipoCliente": 4,
    "Pais": "España",
    "CodPais": "ES",
    "Idioma": "ES",
    "Direccion": "Calle Pintor Lorenzo Casanova, 8",
    "CodigoPostal": "03003",
    "Id_Provincia": 3,
    "Poblacion": "Alicante",
    "Movil": "965143434",
    "Web": "https://www.perioimplant.com"
  },
  {
    "Nombre_Razon_Social": "Dental Mosqueira",
    "TipoCliente": "Clínicas",
    "DNI_CIF": "",
    "Id_Cial": 1,
    "Id_TipoCliente": 4,
    "Pais": "España",
    "CodPais": "ES",
    "Idioma": "ES",
    "Direccion": "Avenida Maisonnave, 38, Entresuelo 1",
    "CodigoPostal": "03003",
    "Id_Provincia": 3,
    "Poblacion": "Alicante",
    "Movil": "966300028",
    "Web": "https://www.clinicadentalmosqueira.com"
  },
  {
    "Nombre_Razon_Social": "Ousia Dental",
    "TipoCliente": "Clínicas",
    "DNI_CIF": "",
    "Id_Cial": 1,
    "Id_TipoCliente": 4,
    "Pais": "España",
    "CodPais": "ES",
    "Idioma": "ES",
    "Direccion": "Avenida Del Dr. Gadea, 24, Entresuelo",
    "CodigoPostal": "03001",
    "Id_Provincia": 3,
    "Poblacion": "Alicante",
    "Movil": "965142235",
    "Web": "http://www.clinicaousia.com"
  },
  {
    "Nombre_Razon_Social": "Clinicas Dentales Asociadas",
    "TipoCliente": "Clínicas",
    "DNI_CIF": "",
    "Id_Cial": 1,
    "Id_TipoCliente": 4,
    "Pais": "España",
    "CodPais": "ES",
    "Idioma": "ES",
    "Direccion": "Calle Médico Vicente Reyes, 22",
    "CodigoPostal": "03015",
    "Id_Provincia": 3,
    "Poblacion": "Alicante",
    "Movil": "965243828"
  },
  {
    "Nombre_Razon_Social": "Smile Dental",
    "TipoCliente": "Clínicas",
    "DNI_CIF": "",
    "Id_Cial": 1,
    "Id_TipoCliente": 4,
    "Pais": "España",
    "CodPais": "ES",
    "Idioma": "ES",
    "Direccion": "Plaza Del Alcalde Agatángelo Soler, 4",
    "CodigoPostal": "03015",
    "Id_Provincia": 3,
    "Poblacion": "Alicante",
    "Movil": "966836736",
    "Email": "smileestudiodental@gmail.com",
    "Web": "https://www.smileestudiodental.com"
  },
  {
    "Nombre_Razon_Social": "Clinica Avram",
    "TipoCliente": "Clínicas",
    "DNI_CIF": "",
    "Id_Cial": 1,
    "Id_TipoCliente": 4,
    "Pais": "España",
    "CodPais": "ES",
    "Idioma": "ES",
    "Direccion": "Calle España, 25",
    "CodigoPostal": "03160",
    "Id_Provincia": 3,
    "Poblacion": "Almoradí",
    "Movil": "966782177",
    "Web": "https://www.clinicadentavram.com"
  },
  {
    "Nombre_Razon_Social": "Clinica Lopez Niñoles",
    "TipoCliente": "Clínicas",
    "DNI_CIF": "",
    "Id_Cial": 1,
    "Id_TipoCliente": 4,
    "Pais": "España",
    "CodPais": "ES",
    "Idioma": "ES",
    "Direccion": "Plaza Calvo Sotelo, 4",
    "CodigoPostal": "03001",
    "Id_Provincia": 3,
    "Poblacion": "Alicante",
    "Movil": "965141272",
    "Email": "info@clinicaninoles.es",
    "Web": "https://www.clinicaninoles.es"
  },
  {
    "Nombre_Razon_Social": "Clinica Dueline",
    "TipoCliente": "Clínicas",
    "DNI_CIF": "",
    "Id_Cial": 1,
    "Id_TipoCliente": 4,
    "Pais": "España",
    "CodPais": "ES",
    "Idioma": "ES",
    "Direccion": "Avenida Pintor Xavier Soler, 8",
    "CodigoPostal": "03015",
    "Id_Provincia": 3,
    "Poblacion": "Alicante",
    "Movil": "865774126",
    "Web": "https://www.dueline.es"
  },
  {
    "Nombre_Razon_Social": "Esdens Dental",
    "TipoCliente": "Clínicas",
    "DNI_CIF": "",
    "Id_Cial": 1,
    "Id_TipoCliente": 4,
    "Pais": "España",
    "CodPais": "ES",
    "Idioma": "ES",
    "Direccion": "Avenida Óscar Esplá, 26, Entresuelo C",
    "CodigoPostal": "03003",
    "Id_Provincia": 3,
    "Poblacion": "Alicante",
    "Movil": "965928456",
    "Email": "info@esdens.com",
    "Web": "https://esdens.com"
  },
  {
    "Nombre_Razon_Social": "An Dental Alicante",
    "TipoCliente": "Clínicas",
    "DNI_CIF": "",
    "Id_Cial": 1,
    "Id_TipoCliente": 4,
    "Pais": "España",
    "CodPais": "ES",
    "Idioma": "ES",
    "Direccion": "Avenida Del Padre Esplá, 24",
    "CodigoPostal": "03013",
    "Id_Provincia": 3,
    "Poblacion": "Alicante",
    "Movil": "965315068",
    "Email": "recepcion@clinicasandental.es",
    "Web": "http://www.clinicasandental.es"
  },
  {
    "Nombre_Razon_Social": "Dental Garcia Rocamora",
    "TipoCliente": "Clínicas",
    "DNI_CIF": "",
    "Id_Cial": 1,
    "Id_TipoCliente": 4,
    "Pais": "España",
    "CodPais": "ES",
    "Idioma": "ES",
    "Direccion": "Av. La Rambla, 49",
    "CodigoPostal": "03550",
    "Id_Provincia": 3,
    "Poblacion": "Sant Joan D'alacant",
    "Movil": "617864349",
    "Email": "info@clinicagarciarocamora.com",
    "Web": "https://www.clinicagarciarocamora.com"
  },
  {
    "Nombre_Razon_Social": "Dental el Pla",
    "TipoCliente": "Clínicas",
    "DNI_CIF": "",
    "Id_Cial": 1,
    "Id_TipoCliente": 4,
    "Pais": "España",
    "CodPais": "ES",
    "Idioma": "ES",
    "Direccion": "Avenida Del Padre Esplá, 9",
    "CodigoPostal": "03013",
    "Id_Provincia": 3,
    "Poblacion": "Alicante",
    "Movil": "965211741"
  },
  {
    "Nombre_Razon_Social": "Dental Marhuenda y Navarro",
    "TipoCliente": "Clínicas",
    "DNI_CIF": "",
    "Id_Cial": 1,
    "Id_TipoCliente": 4,
    "Pais": "España",
    "CodPais": "ES",
    "Idioma": "ES",
    "Direccion": "Calle Jaime Segarra, 75",
    "CodigoPostal": "03012",
    "Id_Provincia": 3,
    "Poblacion": "Alicante",
    "Movil": "965210308",
    "Web": "https://marhuendadental.es"
  },
  {
    "Nombre_Razon_Social": "Masher Dental",
    "TipoCliente": "Clínicas",
    "DNI_CIF": "",
    "Id_Cial": 1,
    "Id_TipoCliente": 4,
    "Pais": "España",
    "CodPais": "ES",
    "Idioma": "ES",
    "Direccion": "Calle San Mateo, 6",
    "CodigoPostal": "03013",
    "Id_Provincia": 3,
    "Poblacion": "Alicante",
    "Movil": "966350713",
    "Email": "administracion@masherdental.com",
    "Web": "https://masherdental.com"
  },
  {
    "Nombre_Razon_Social": "Dental Royo",
    "TipoCliente": "Clínicas",
    "DNI_CIF": "",
    "Id_Cial": 1,
    "Id_TipoCliente": 4,
    "Pais": "España",
    "CodPais": "ES",
    "Idioma": "ES",
    "Direccion": "Calle Pintor Lorenzo Casanova, 5",
    "CodigoPostal": "03003",
    "Id_Provincia": 3,
    "Poblacion": "Alicante",
    "Movil": "965140000",
    "Web": "http://www.dentalroyo.com"
  },
  {
    "Nombre_Razon_Social": "Sanitas Alicante Corte Ingles",
    "TipoCliente": "Clínicas",
    "DNI_CIF": "",
    "Id_Cial": 1,
    "Id_TipoCliente": 4,
    "Pais": "España",
    "CodPais": "ES",
    "Idioma": "ES",
    "Direccion": "Avenida Federico Soto, 1-3, 5ª Planta",
    "CodigoPostal": "03003",
    "Id_Provincia": 3,
    "Poblacion": "Alicante",
    "Movil": "965224500",
    "Web": "https://www.sanitas.es/dental/clinicas-dentales-milenium/alicante/alicante/alicante-federico-soto-corte-ingles"
  },
  {
    "Nombre_Razon_Social": "Dental Oralvium",
    "TipoCliente": "Clínicas",
    "DNI_CIF": "",
    "Id_Cial": 1,
    "Id_TipoCliente": 4,
    "Pais": "España",
    "CodPais": "ES",
    "Idioma": "ES",
    "Direccion": "Avenida De La Libertad, 23, Bajo",
    "CodigoPostal": "03201",
    "Id_Provincia": 3,
    "Poblacion": "Elche",
    "Movil": "965436352",
    "Email": "info@oralvium.com",
    "Web": "https://www.oralvium.com"
  },
  {
    "Nombre_Razon_Social": "Clinica Gioia Elche",
    "TipoCliente": "Clínicas",
    "DNI_CIF": "",
    "Id_Cial": 1,
    "Id_TipoCliente": 4,
    "Pais": "España",
    "CodPais": "ES",
    "Idioma": "ES",
    "Direccion": "Carrer Eugenio D'ors, 8",
    "CodigoPostal": "03203",
    "Id_Provincia": 3,
    "Poblacion": "Elche",
    "Movil": "965458156",
    "Web": "https://www.clinicagioia.com"
  },
  {
    "Nombre_Razon_Social": "Dental Miralles",
    "TipoCliente": "Clínicas",
    "DNI_CIF": "",
    "Id_Cial": 1,
    "Id_TipoCliente": 4,
    "Pais": "España",
    "CodPais": "ES",
    "Idioma": "ES",
    "Direccion": "Calle Cristóbal Sanz, 31, Bajo",
    "CodigoPostal": "03201",
    "Id_Provincia": 3,
    "Poblacion": "Elche",
    "Movil": "965447950",
    "Email": "dentalmiralles@gmail.com",
    "Web": "https://dentalmiralles.com"
  },
  {
    "Nombre_Razon_Social": "Marhuenda y Perez",
    "TipoCliente": "Clínicas",
    "DNI_CIF": "",
    "Id_Cial": 1,
    "Id_TipoCliente": 4,
    "Pais": "España",
    "CodPais": "ES",
    "Idioma": "ES",
    "Direccion": "Calle Vicente Blasco Ibáñez, 27",
    "CodigoPostal": "03201",
    "Id_Provincia": 3,
    "Poblacion": "Elche",
    "Movil": "693904423",
    "Email": "info@clinicamaruenda.es",
    "Web": "https://clinicamaruenda.es"
  },
  {
    "Nombre_Razon_Social": "Saluvite",
    "TipoCliente": "Clínicas",
    "DNI_CIF": "",
    "Id_Cial": 1,
    "Id_TipoCliente": 4,
    "Pais": "España",
    "CodPais": "ES",
    "Idioma": "ES",
    "Direccion": "Carrer Cristóbal Sanz, 59",
    "CodigoPostal": "03201",
    "Id_Provincia": 3,
    "Poblacion": "Elche",
    "Movil": "966673670"
  },
  {
    "Nombre_Razon_Social": "Clinica An Dental Elche",
    "TipoCliente": "Clínicas",
    "DNI_CIF": "",
    "Id_Cial": 1,
    "Id_TipoCliente": 4,
    "Pais": "España",
    "CodPais": "ES",
    "Idioma": "ES",
    "Direccion": "Calle Jorge Juan, 14",
    "CodigoPostal": "03201",
    "Id_Provincia": 3,
    "Poblacion": "Elche",
    "Movil": "965410776",
    "Web": "https://www.clinicasandental.es"
  },
  {
    "Nombre_Razon_Social": "C.o.reina Victoria",
    "TipoCliente": "Clínicas",
    "DNI_CIF": "",
    "Id_Cial": 1,
    "Id_TipoCliente": 4,
    "Pais": "España",
    "CodPais": "ES",
    "Idioma": "ES",
    "Direccion": "Carrer Reina Victoria, 29",
    "CodigoPostal": "03201",
    "Id_Provincia": 3,
    "Poblacion": "Elche",
    "Movil": "966661088",
    "Email": "coreinavictoria@gmail.com",
    "Web": "https://centroodontologicoreinavictoria.com"
  },
  {
    "Nombre_Razon_Social": "Centro Dental Ortoelx",
    "TipoCliente": "Clínicas",
    "DNI_CIF": "",
    "Id_Cial": 1,
    "Id_TipoCliente": 4,
    "Pais": "España",
    "CodPais": "ES",
    "Idioma": "ES",
    "Direccion": "Carrer Josep Maria Buck, 27, Local",
    "CodigoPostal": "03201",
    "Id_Provincia": 3,
    "Poblacion": "Elche",
    "Movil": "966660413"
  },
  {
    "Nombre_Razon_Social": "Dental Sol Inari",
    "TipoCliente": "Clínicas",
    "DNI_CIF": "",
    "Id_Cial": 1,
    "Id_TipoCliente": 4,
    "Pais": "España",
    "CodPais": "ES",
    "Idioma": "ES",
    "Direccion": "Av. Europa, 22",
    "CodigoPostal": "03503",
    "Id_Provincia": 3,
    "Poblacion": "Benidorm",
    "Movil": "602444496",
    "Email": "info@dentalsolinari.com",
    "Web": "https://www.dentalsolinari.com"
  },
  {
    "Nombre_Razon_Social": "Dental Sant Jaume",
    "TipoCliente": "Clínicas",
    "DNI_CIF": "",
    "Id_Cial": 1,
    "Id_TipoCliente": 4,
    "Pais": "España",
    "CodPais": "ES",
    "Idioma": "ES",
    "Direccion": "Calle Del Pino, 5",
    "CodigoPostal": "03501",
    "Id_Provincia": 3,
    "Poblacion": "Benidorm",
    "Movil": "965856801",
    "Email": "info@dentistasbenidormsj.es",
    "Web": "https://dentistasbenidormsj.es"
  },
  {
    "Nombre_Razon_Social": "Red Dental Benidorm",
    "TipoCliente": "Clínicas",
    "DNI_CIF": "",
    "Id_Cial": 1,
    "Id_TipoCliente": 4,
    "Pais": "España",
    "CodPais": "ES",
    "Idioma": "ES",
    "Direccion": "Avinguda Alfonso Puchades, 15",
    "CodigoPostal": "03502",
    "Id_Provincia": 3,
    "Poblacion": "Benidorm",
    "Movil": "965854463",
    "Email": "benidorm@reddental.es",
    "Web": "https://reddental.es"
  },
  {
    "Nombre_Razon_Social": "Clinica Apadent",
    "TipoCliente": "Clínicas",
    "DNI_CIF": "",
    "Id_Cial": 1,
    "Id_TipoCliente": 4,
    "Pais": "España",
    "CodPais": "ES",
    "Idioma": "ES",
    "Direccion": "Calle De Los Almendros",
    "CodigoPostal": "03501",
    "Id_Provincia": 3,
    "Poblacion": "Benidorm",
    "Movil": "965850000",
    "Web": "https://www.clinicaapadent.com"
  },
  {
    "Nombre_Razon_Social": "Clinica Dres Dental Benidorm",
    "TipoCliente": "Clínicas",
    "DNI_CIF": "",
    "Id_Cial": 1,
    "Id_TipoCliente": 4,
    "Pais": "España",
    "CodPais": "ES",
    "Idioma": "ES",
    "Direccion": "Calle Presidente Adolfo Suárez, 2, Local 5",
    "CodigoPostal": "03501",
    "Id_Provincia": 3,
    "Poblacion": "Benidorm",
    "Movil": "966166249",
    "Email": "benidorm@doctoresdental.com",
    "Web": "https://doctoresdental.com/dd-alicante-benidorm"
  },
  {
    "Nombre_Razon_Social": "Instituto Dental Mediterraneo",
    "TipoCliente": "Clínicas",
    "DNI_CIF": "",
    "Id_Cial": 1,
    "Id_TipoCliente": 4,
    "Pais": "España",
    "CodPais": "ES",
    "Idioma": "ES",
    "Direccion": "Avenida Dr. Severo Ochoa, 19",
    "CodigoPostal": "03503",
    "Id_Provincia": 3,
    "Poblacion": "Benidorm",
    "Movil": "966809551",
    "Email": "agueda@id-mediterraneo.com",
    "Web": "https://www.id-mediterraneo.com"
  },
  {
    "Nombre_Razon_Social": "Clinica Dental Ivaylov",
    "TipoCliente": "Clínicas",
    "DNI_CIF": "",
    "Id_Cial": 1,
    "Id_TipoCliente": 4,
    "Pais": "España",
    "CodPais": "ES",
    "Idioma": "ES",
    "Direccion": "Av. De Granada, 6, Local 5",
    "CodigoPostal": "03509",
    "Id_Provincia": 3,
    "Poblacion": "Finestrat",
    "Movil": "613055835",
    "Email": "pacientes@ivaylovclinicadental.com",
    "Web": "https://ivaylovclinicadental.com"
  },
  {
    "Nombre_Razon_Social": "Dental Imed Levante",
    "TipoCliente": "Clínicas",
    "DNI_CIF": "",
    "Id_Cial": 1,
    "Id_TipoCliente": 4,
    "Pais": "España",
    "CodPais": "ES",
    "Idioma": "ES",
    "Direccion": "Calle Dr. Santiago Ramón Y Cajal, 7",
    "CodigoPostal": "03503",
    "Id_Provincia": 3,
    "Poblacion": "Benidorm",
    "Movil": "966817411",
    "Email": "levantedental@imedhospitales.com",
    "Web": "https://dental.imedhospitales.com"
  },
  {
    "Nombre_Razon_Social": "Clinica Dental Alemana",
    "TipoCliente": "Clínicas",
    "DNI_CIF": "",
    "Id_Cial": 1,
    "Id_TipoCliente": 4,
    "Pais": "España",
    "CodPais": "ES",
    "Idioma": "ES",
    "Direccion": "Avenida Gran Vía, Edificio Ipanema 1 Bloque 1",
    "CodigoPostal": "30380",
    "Id_Provincia": 30,
    "Poblacion": "La Manga Del Mar Menor",
    "Movil": "968564757",
    "Email": "info@alexanderczech.com",
    "Web": "https://www.alexanderczech.com"
  },
  {
    "Nombre_Razon_Social": "Dental Titanium Torrevieja",
    "TipoCliente": "Clínicas",
    "DNI_CIF": "",
    "Id_Cial": 1,
    "Id_TipoCliente": 4,
    "Pais": "España",
    "CodPais": "ES",
    "Idioma": "ES",
    "Direccion": "Calle María Parodi, 38, Bajo",
    "CodigoPostal": "03181",
    "Id_Provincia": 3,
    "Poblacion": "Torrevieja",
    "Movil": "965030913",
    "Web": "http://www.titaniumdental.es"
  },
  {
    "Nombre_Razon_Social": "Area Dental Dr.tarraga",
    "TipoCliente": "Clínicas",
    "DNI_CIF": "",
    "Id_Cial": 1,
    "Id_TipoCliente": 4,
    "Pais": "España",
    "CodPais": "ES",
    "Idioma": "ES",
    "Direccion": "Calle Gabriel Miró, 23",
    "CodigoPostal": "03181",
    "Id_Provincia": 3,
    "Poblacion": "Torrevieja",
    "Movil": "965716075",
    "Web": "http://www.areadental.com"
  },
  {
    "Nombre_Razon_Social": "Dental Tecnik",
    "TipoCliente": "Clínicas",
    "DNI_CIF": "",
    "Id_Cial": 1,
    "Id_TipoCliente": 4,
    "Pais": "España",
    "CodPais": "ES",
    "Idioma": "ES",
    "Direccion": "Calle Fragata, 38, Bajo",
    "CodigoPostal": "03182",
    "Id_Provincia": 3,
    "Poblacion": "Torrevieja",
    "Movil": "619336300",
    "Email": "tecnikclinicadental@gmail.com",
    "Web": "https://clinicadentaltecnik.com"
  },
  {
    "Nombre_Razon_Social": "Prodentalcare Spain",
    "TipoCliente": "Clínicas",
    "DNI_CIF": "",
    "Id_Cial": 1,
    "Id_TipoCliente": 4,
    "Pais": "España",
    "CodPais": "ES",
    "Idioma": "ES",
    "Direccion": "Calle Marco Antonio Marcos Frías, 35",
    "CodigoPostal": "03184",
    "Id_Provincia": 3,
    "Poblacion": "Torrevieja",
    "Movil": "965708576",
    "Email": "info@prodentalcare.eu",
    "Web": "https://prodentalcare.eu"
  },
  {
    "Nombre_Razon_Social": "Dental German Sandoval",
    "TipoCliente": "Clínicas",
    "DNI_CIF": "",
    "Id_Cial": 1,
    "Id_TipoCliente": 4,
    "Pais": "España",
    "CodPais": "ES",
    "Idioma": "ES",
    "Direccion": "Calle San Pascual, 97",
    "CodigoPostal": "03181",
    "Id_Provincia": 3,
    "Poblacion": "Torrevieja",
    "Movil": "965719374",
    "Email": "info@clinicasandoval.com",
    "Web": "https://clinicasandoval.com"
  },
  {
    "Nombre_Razon_Social": "Centro Dental la Loma",
    "TipoCliente": "Clínicas",
    "DNI_CIF": "",
    "Id_Cial": 1,
    "Id_TipoCliente": 4,
    "Pais": "España",
    "CodPais": "ES",
    "Idioma": "ES",
    "Direccion": "Calle La Calera, 22c, Bajo 8",
    "CodigoPostal": "03182",
    "Id_Provincia": 3,
    "Poblacion": "Torrevieja",
    "Movil": "965067501"
  },
  {
    "Nombre_Razon_Social": "Nordic Dental Clinic",
    "TipoCliente": "Clínicas",
    "DNI_CIF": "",
    "Id_Cial": 1,
    "Id_TipoCliente": 4,
    "Pais": "España",
    "CodPais": "ES",
    "Idioma": "ES",
    "Direccion": "Avenida De Orihuela 75, Hotel Doña Monse, Los Balcones",
    "CodigoPostal": "03186",
    "Id_Provincia": 3,
    "Poblacion": "Torrevieja",
    "Movil": "966722318",
    "Web": "https://www.nordicdental.com"
  },
  {
    "Nombre_Razon_Social": "Dental Mario Oliden",
    "TipoCliente": "Clínicas",
    "DNI_CIF": "",
    "Id_Cial": 1,
    "Id_TipoCliente": 4,
    "Pais": "España",
    "CodPais": "ES",
    "Idioma": "ES",
    "Direccion": "Calle Caballero De Rodas, 30, 1-a",
    "CodigoPostal": "03181",
    "Id_Provincia": 3,
    "Poblacion": "Torrevieja",
    "Movil": "966700050",
    "Web": "http://www.clinicadentaloliden.es"
  },
  {
    "Nombre_Razon_Social": "Unidental Marta Vallés",
    "TipoCliente": "Clínicas",
    "DNI_CIF": "",
    "Id_Cial": 1,
    "Id_TipoCliente": 4,
    "Pais": "España",
    "CodPais": "ES",
    "Idioma": "ES",
    "Direccion": "Partida De La Loma S/n",
    "CodigoPostal": "03184",
    "Id_Provincia": 3,
    "Poblacion": "Torrevieja",
    "Movil": "966925782",
    "Email": "info@clinicamartavalles.com",
    "Web": "https://clinicamartavalles.com"
  },
  {
    "Nombre_Razon_Social": "Dental de la Torre",
    "TipoCliente": "Clínicas",
    "DNI_CIF": "",
    "Id_Cial": 1,
    "Id_TipoCliente": 4,
    "Pais": "España",
    "CodPais": "ES",
    "Idioma": "ES",
    "Direccion": "Calle Fotógrafos Darblade, 3, Bajo D",
    "CodigoPostal": "03181",
    "Id_Provincia": 3,
    "Poblacion": "Torrevieja",
    "Movil": "966927645",
    "Email": "contacto@delatorreclinicadental.es",
    "Web": "https://delatorreclinicadental.es"
  },
  {
    "Nombre_Razon_Social": "Clinica Dental Ap",
    "TipoCliente": "Clínicas",
    "DNI_CIF": "",
    "Id_Cial": 1,
    "Id_TipoCliente": 4,
    "Pais": "España",
    "CodPais": "ES",
    "Idioma": "ES",
    "Direccion": "Pasaje País Vasco, Bloque 1, Local, Urbanización Cabo Mar Manzana 5, 4",
    "CodigoPostal": "03188",
    "Id_Provincia": 3,
    "Poblacion": "Torrevieja",
    "Movil": "638893141",
    "Web": "https://ap-denta.com"
  },
  {
    "Nombre_Razon_Social": "Fenix Dental",
    "TipoCliente": "Clínicas",
    "DNI_CIF": "",
    "Id_Cial": 1,
    "Id_TipoCliente": 4,
    "Pais": "España",
    "CodPais": "ES",
    "Idioma": "ES",
    "Direccion": "Calle Narciso Yepes, 6",
    "CodigoPostal": "03184",
    "Id_Provincia": 3,
    "Poblacion": "Torrevieja",
    "Movil": "622124019",
    "Email": "info@fenixdentalclinic.com",
    "Web": "https://fenixdentalclinic.com"
  },
  {
    "Nombre_Razon_Social": "Dental Roberto Freund",
    "TipoCliente": "Clínicas",
    "DNI_CIF": "",
    "Id_Cial": 1,
    "Id_TipoCliente": 4,
    "Pais": "España",
    "CodPais": "ES",
    "Idioma": "ES",
    "Direccion": "Calle Ramón Gallud, 15",
    "CodigoPostal": "03181",
    "Id_Provincia": 3,
    "Poblacion": "Torrevieja",
    "Movil": "965713760",
    "Web": "https://robertofreund.com"
  },
  {
    "Nombre_Razon_Social": "Dental Guido Audisio",
    "TipoCliente": "Clínicas",
    "DNI_CIF": "",
    "Id_Cial": 1,
    "Id_TipoCliente": 4,
    "Pais": "España",
    "CodPais": "ES",
    "Idioma": "ES",
    "Direccion": "Calle Apolo, 67",
    "CodigoPostal": "03182",
    "Id_Provincia": 3,
    "Poblacion": "Torrevieja",
    "Movil": "966701543",
    "Web": "https://clinicadentalaudisio.com"
  },
  {
    "Nombre_Razon_Social": "Dental Francisco Audisio",
    "TipoCliente": "Clínicas",
    "DNI_CIF": "",
    "Id_Cial": 1,
    "Id_TipoCliente": 4,
    "Pais": "España",
    "CodPais": "ES",
    "Idioma": "ES",
    "Direccion": "Calle Ramón Gallud, 45",
    "CodigoPostal": "03181",
    "Id_Provincia": 3,
    "Poblacion": "Torrevieja",
    "Movil": "965713232",
    "Web": "http://www.clinicadentalaudisio.com"
  },
  {
    "Nombre_Razon_Social": "Dental Inma Tarraga",
    "TipoCliente": "Clínicas",
    "DNI_CIF": "",
    "Id_Cial": 1,
    "Id_TipoCliente": 4,
    "Pais": "España",
    "CodPais": "ES",
    "Idioma": "ES",
    "Direccion": "Calle Camino Viejo De Callosa, 10",
    "CodigoPostal": "03300",
    "Id_Provincia": 3,
    "Poblacion": "Orihuela",
    "Movil": "865525893",
    "Email": "info@dra-tarraga.com"
  },
  {
    "Nombre_Razon_Social": "Dental Arte Dent",
    "TipoCliente": "Clínicas",
    "DNI_CIF": "",
    "Id_Cial": 1,
    "Id_TipoCliente": 4,
    "Pais": "España",
    "CodPais": "ES",
    "Idioma": "ES",
    "Direccion": "Calle Prolongación Ronda Santo Domingo, Nº 9, Bajo 4",
    "CodigoPostal": "03300",
    "Id_Provincia": 3,
    "Poblacion": "Orihuela",
    "Movil": "966739044",
    "Email": "artedentorihuela@hotmail.com",
    "Web": "https://artedentorihuela.com"
  },
  {
    "Nombre_Razon_Social": "Orioldent",
    "TipoCliente": "Clínicas",
    "DNI_CIF": "",
    "Id_Cial": 1,
    "Id_TipoCliente": 4,
    "Pais": "España",
    "CodPais": "ES",
    "Idioma": "ES",
    "Direccion": "Av. Teodomiro, 50",
    "CodigoPostal": "03300",
    "Id_Provincia": 3,
    "Poblacion": "Orihuela",
    "Movil": "966739316",
    "Email": "info@orioldent.com",
    "Web": "https://orioldent.com"
  },
  {
    "Nombre_Razon_Social": "Garcident",
    "TipoCliente": "Clínicas",
    "DNI_CIF": "",
    "Id_Cial": 1,
    "Id_TipoCliente": 4,
    "Pais": "España",
    "CodPais": "ES",
    "Idioma": "ES",
    "Direccion": "Avenida Teodomiro, 26",
    "CodigoPostal": "03300",
    "Id_Provincia": 3,
    "Poblacion": "Orihuela",
    "Movil": "965300640",
    "Web": "https://garcident.es"
  },
  {
    "Nombre_Razon_Social": "Dental Fernandez",
    "TipoCliente": "Clínicas",
    "DNI_CIF": "",
    "Id_Cial": 1,
    "Id_TipoCliente": 4,
    "Pais": "España",
    "CodPais": "ES",
    "Idioma": "ES",
    "Direccion": "Av. De La Llibertat, 23, Bajo",
    "CodigoPostal": "03201",
    "Id_Provincia": 3,
    "Poblacion": "Elche",
    "Movil": "965436352",
    "Web": "http://www.oralvium.com"
  },
  {
    "Nombre_Razon_Social": "Sphere Dental",
    "TipoCliente": "Clínicas",
    "DNI_CIF": "",
    "Id_Cial": 1,
    "Id_TipoCliente": 4,
    "Pais": "España",
    "CodPais": "ES",
    "Idioma": "ES",
    "Direccion": "Avenida De La Constitución, 141",
    "CodigoPostal": "03190",
    "Id_Provincia": 3,
    "Poblacion": "Pilar De La Horadada",
    "Movil": "965352056",
    "Web": "https://abiertos.es/sphere-dental-studio-clinica-dental_i125848"
  },
  {
    "Nombre_Razon_Social": "Horadent",
    "TipoCliente": "Clínicas",
    "DNI_CIF": "",
    "Id_Cial": 1,
    "Id_TipoCliente": 4,
    "Pais": "España",
    "CodPais": "ES",
    "Idioma": "ES",
    "Direccion": "Plaza De La Iglesia, 9, Bajo",
    "CodigoPostal": "03190",
    "Id_Provincia": 3,
    "Poblacion": "Pilar De La Horadada",
    "Movil": "966846352",
    "Web": "https://clinicahoradent.com"
  },
  {
    "Nombre_Razon_Social": "Clinica Escamez",
    "TipoCliente": "Clínicas",
    "DNI_CIF": "",
    "Id_Cial": 1,
    "Id_TipoCliente": 4,
    "Pais": "España",
    "CodPais": "ES",
    "Idioma": "ES",
    "Direccion": "Calle Mayor, 56, Local B",
    "CodigoPostal": "03190",
    "Id_Provincia": 3,
    "Poblacion": "Pilar De La Horadada",
    "Movil": "647561676",
    "Web": "https://clinicaescamez.com"
  },
  {
    "Nombre_Razon_Social": "Niko Dens",
    "TipoCliente": "Clínicas",
    "DNI_CIF": "",
    "Id_Cial": 1,
    "Id_TipoCliente": 4,
    "Pais": "España",
    "CodPais": "ES",
    "Idioma": "ES",
    "Direccion": "Av. Camilo José Cela, 55",
    "CodigoPostal": "03190",
    "Id_Provincia": 3,
    "Poblacion": "Pilar De La Horadada",
    "Movil": "865771799"
  },
  {
    "Nombre_Razon_Social": "Dental Family Bushin",
    "TipoCliente": "Clínicas",
    "DNI_CIF": "",
    "Id_Cial": 1,
    "Id_TipoCliente": 4,
    "Pais": "España",
    "CodPais": "ES",
    "Idioma": "ES",
    "Direccion": "Calle San Pascual, 204",
    "CodigoPostal": "03182",
    "Id_Provincia": 3,
    "Poblacion": "Torrevieja",
    "Movil": "637040954",
    "Email": "bushinae@hotmail.com",
    "Web": "https://mybushin.es"
  },
  {
    "Nombre_Razon_Social": "Zibadental",
    "TipoCliente": "Clínicas",
    "DNI_CIF": "",
    "Id_Cial": 1,
    "Id_TipoCliente": 4,
    "Pais": "España",
    "CodPais": "ES",
    "Idioma": "ES",
    "Direccion": "Calle Malaquita, 14",
    "CodigoPostal": "03189",
    "Id_Provincia": 3,
    "Poblacion": "Orihuela Costa",
    "Movil": "621247020",
    "Email": "clinica@zibadental.es",
    "Web": "https://zibadental.es"
  },
  {
    "Nombre_Razon_Social": "Centro Dental Salgado",
    "TipoCliente": "Clínicas",
    "DNI_CIF": "",
    "Id_Cial": 1,
    "Id_TipoCliente": 4,
    "Pais": "España",
    "CodPais": "ES",
    "Idioma": "ES",
    "Direccion": "Calle San Vicente, 8",
    "CodigoPostal": "03004",
    "Id_Provincia": 3,
    "Poblacion": "Alicante",
    "Movil": "965202020",
    "Web": "https://www.centrodentalsalgado.com"
  },
  {
    "Nombre_Razon_Social": "Dental la Zenia",
    "TipoCliente": "Clínicas",
    "DNI_CIF": "",
    "Id_Cial": 1,
    "Id_TipoCliente": 4,
    "Pais": "España",
    "CodPais": "ES",
    "Idioma": "ES",
    "Direccion": "Calle Jade, 71",
    "CodigoPostal": "03189",
    "Id_Provincia": 3,
    "Poblacion": "La Zenia",
    "Movil": "966628400"
  },
  {
    "Nombre_Razon_Social": "Clinica Paulo Pereira",
    "TipoCliente": "Clínicas",
    "DNI_CIF": "",
    "Id_Cial": 1,
    "Id_TipoCliente": 4,
    "Pais": "España",
    "CodPais": "ES",
    "Idioma": "ES",
    "Direccion": "Av. De Navarra, 66",
    "CodigoPostal": "03680",
    "Id_Provincia": 3,
    "Poblacion": "Aspe",
    "Movil": "635794812",
    "Email": "recepcion@paulopereira.es",
    "Web": "https://www.paulopereira.es"
  },
  {
    "Nombre_Razon_Social": "Clinica Alicia Alvez",
    "TipoCliente": "Clínicas",
    "DNI_CIF": "",
    "Id_Cial": 1,
    "Id_TipoCliente": 4,
    "Pais": "España",
    "CodPais": "ES",
    "Idioma": "ES",
    "Direccion": "Carrer D'elx, 66",
    "CodigoPostal": "03130",
    "Id_Provincia": 3,
    "Poblacion": "Santa Pola",
    "Movil": "966692245",
    "Email": "info@santapoladent.com",
    "Web": "https://www.santapoladent.com"
  },
  {
    "Nombre_Razon_Social": "Clinica Dental Gio",
    "TipoCliente": "Clínicas",
    "DNI_CIF": "",
    "Id_Cial": 1,
    "Id_TipoCliente": 4,
    "Pais": "España",
    "CodPais": "ES",
    "Idioma": "ES",
    "Direccion": "Calle Pintor Murillo, 2",
    "CodigoPostal": "03370",
    "Id_Provincia": 3,
    "Poblacion": "Redován",
    "Movil": "641588589",
    "Web": "http://www.giodental.es"
  },
  {
    "Nombre_Razon_Social": "Mao Dental",
    "TipoCliente": "Clínicas",
    "DNI_CIF": "",
    "Id_Cial": 1,
    "Id_TipoCliente": 4,
    "Pais": "España",
    "CodPais": "ES",
    "Idioma": "ES",
    "Direccion": "Calle Pablo Iglesias, 46",
    "CodigoPostal": "03600",
    "Id_Provincia": 3,
    "Poblacion": "Elda",
    "Movil": "678682888",
    "Web": "http://maodental.com"
  },
  {
    "Nombre_Razon_Social": "Dental Camelia Pomares",
    "TipoCliente": "Clínicas",
    "DNI_CIF": "",
    "Id_Cial": 1,
    "Id_TipoCliente": 4,
    "Pais": "España",
    "CodPais": "ES",
    "Idioma": "ES",
    "Direccion": "Avenida Chapí, 20",
    "CodigoPostal": "03600",
    "Id_Provincia": 3,
    "Poblacion": "Elda",
    "Movil": "966187088",
    "Email": "hola@cameliapomares.com",
    "Web": "https://cameliapomares.com"
  },
  {
    "Nombre_Razon_Social": "Cs Sax",
    "TipoCliente": "Clínicas",
    "DNI_CIF": "",
    "Id_Cial": 1,
    "Id_TipoCliente": 4,
    "Pais": "España",
    "CodPais": "ES",
    "Idioma": "ES",
    "Direccion": "Calle Reyes Católicos, 2",
    "CodigoPostal": "03630",
    "Id_Provincia": 3,
    "Poblacion": "Sax",
    "Movil": "966957000"
  },
  {
    "Nombre_Razon_Social": "Clinica Dental Atalaya",
    "TipoCliente": "Clínicas",
    "DNI_CIF": "",
    "Id_Cial": 1,
    "Id_TipoCliente": 4,
    "Pais": "España",
    "CodPais": "ES",
    "Idioma": "ES",
    "Direccion": "Calle Luciano López Ferrer, 10, Bajo",
    "CodigoPostal": "03400",
    "Id_Provincia": 3,
    "Poblacion": "Villena",
    "Movil": "965349209",
    "Email": "info@dentalatalaya.com",
    "Web": "https://dentalatalaya.com"
  },
  {
    "Nombre_Razon_Social": "Clinica Dental Arenas",
    "TipoCliente": "Clínicas",
    "DNI_CIF": "",
    "Id_Cial": 1,
    "Id_TipoCliente": 4,
    "Pais": "España",
    "CodPais": "ES",
    "Idioma": "ES",
    "Direccion": "Calle Reyes Católicos, 31, 4º B",
    "CodigoPostal": "03003",
    "Id_Provincia": 3,
    "Poblacion": "Alicante",
    "Movil": "965986206"
  },
  {
    "Nombre_Razon_Social": "Clinica Dental Britannia",
    "TipoCliente": "Clínicas",
    "DNI_CIF": "",
    "Id_Cial": 1,
    "Id_TipoCliente": 4,
    "Pais": "España",
    "CodPais": "ES",
    "Idioma": "ES",
    "Direccion": "Avenida Ejércitos Españoles 16-bis, Primer Piso, 1d",
    "CodigoPostal": "03710",
    "Id_Provincia": 3,
    "Poblacion": "Calpe",
    "Movil": "965837553",
    "Email": "britannia.calpe@gmail.com",
    "Web": "https://clinicabritannia.com"
  },
  {
    "Nombre_Razon_Social": "Dental Sonia Martinez",
    "TipoCliente": "Clínicas",
    "DNI_CIF": "",
    "Id_Cial": 1,
    "Id_TipoCliente": 4,
    "Pais": "España",
    "CodPais": "ES",
    "Idioma": "ES"
  },
  {
    "Nombre_Razon_Social": "Rocio Mompo",
    "TipoCliente": "Clínicas",
    "DNI_CIF": "",
    "Id_Cial": 1,
    "Id_TipoCliente": 4,
    "Pais": "España",
    "CodPais": "ES",
    "Idioma": "ES",
    "Direccion": "Calle Reverendo José María Pinazo, 3, Bajo",
    "CodigoPostal": "46020",
    "Id_Provincia": 46,
    "Poblacion": "Valencia",
    "Movil": "960017033",
    "Email": "info@rociomompo.com",
    "Web": "https://rociomompo.com"
  },
  {
    "Nombre_Razon_Social": "Dental Maria Vizcaino",
    "TipoCliente": "Clínicas",
    "DNI_CIF": "",
    "Id_Cial": 1,
    "Id_TipoCliente": 4,
    "Pais": "España",
    "CodPais": "ES",
    "Idioma": "ES",
    "Direccion": "Calle Huertos, 7",
    "CodigoPostal": "13004",
    "Id_Provincia": 13,
    "Poblacion": "Ciudad Real",
    "Movil": "926031069",
    "Web": "https://clinicadentalmariavizcaino.com"
  }
]